chrX	251157	0	3	0	0
chrX	251182	0	0	2	0
chrX	251202	2	0	0	0
chrX	251218	0	0	0	2
chrX	251896	0	0	0	1
chrX	251900	0	0	0	1
chrX	251940	1	0	0	0
chrX	251973	1	0	0	0
chrX	260300	1	0	0	0
chrX	260394	0	0	1	0
chrX	265561	0	1	0	0
chrX	265630	1	0	0	0
chrX	290695	0	0	0	1
chrX	299881	0	7	0	10
chrX	299905	0	7	0	8
chrX	299999	1	0	2	0
chrX	300650	1	0	0	0
chrX	301054	0	3	0	0
chrX	301213	0	0	2	0
chrX	301353	3	0	0	0
chrX	301378	3	0	0	0
chrX	301393	0	0	2	0
chrX	302110	0	0	1	0
chrX	302965	11	0	0	0
chrX	303476	0	0	2	0
chrX	303799	2	0	0	0
chrX	303963	1	0	0	0
chrX	303965	0	0	0	1
chrX	303993	0	0	0	1
chrX	304019	1	0	0	0
chrX	305038	498	0	4	0
chrX	305272	0	0	2	0
chrX	305415	0	0	2	0
chrX	305466	0	1	0	6
chrX	305543	0	9	6	0
chrX	305617	6	0	5	0
chrX	306751	0	3	0	0
chrX	307322	0	0	54	0
chrX	311482	0	1	0	0
chrX	312875	1	0	0	0
chrX	313732	0	0	0	1
chrX	314458	0	1	0	0
chrX	314512	1	2	0	0
chrX	314652	14	0	13	0
chrX	314662	0	23	18	0
chrX	314982	0	3	8	0
chrX	315161	1	0	0	0
chrX	315246	0	0	7	6
chrX	316551	0	0	0	1
chrX	317355	0	0	1	0
chrX	317789	0	1	0	1
chrX	317897	0	0	1	0
chrX	320908	0	1	0	0
chrX	321176	0	51	0	17
chrX	322845	0	7	0	21
chrX	323002	10	0	0	0
chrX	323015	0	0	19	21
chrX	323025	0	19	19	0
chrX	323044	8	17	0	0
chrX	323111	6	1	0	0
chrX	323381	0	0	1	0
chrX	325483	0	0	2	0
chrX	325539	0	0	2	0
chrX	327100	0	1	0	0
chrX	334115	4	0	1	0
chrX	334124	0	4	0	0
chrX	334220	0	1	0	0
chrX	334400	25	0	30	0
chrX	334454	0	34	38	0
chrX	347816	0	1	0	0
chrX	347830	0	1	0	0
chrX	383453	5	0	0	0
chrX	390985	2	0	0	0
chrX	398969	0	0	1	0
chrX	400731	0	0	0	2
chrX	405621	0	0	0	3
chrX	405658	0	0	0	10
chrX	405889	0	5	0	16
chrX	405939	2	0	9	0
chrX	419609	0	0	2	0
chrX	433332	0	1	0	2
chrX	433348	0	1	0	1
chrX	433361	0	0	1	2
chrX	433439	0	2	1	0
chrX	433445	0	2	0	0
chrX	433454	0	0	0	2
chrX	433541	0	0	1	0
chrX	433572	1	0	0	0
chrX	436270	1	0	0	0
chrX	436277	0	0	1	0
chrX	454315	0	0	1	0
chrX	454321	0	0	1	0
chrX	588756	0	0	0	2
chrX	588773	2	0	0	0
chrX	690941	0	0	0	1
chrX	690961	0	0	1	0
chrX	690983	0	0	1	0
chrX	690987	0	1	0	0
chrX	879206	0	0	1	0
chrX	879264	0	0	0	1
chrX	882562	0	2	0	1
chrX	882569	0	3	0	0
chrX	882570	0	0	3	0
chrX	882596	0	0	4	0
chrX	882615	0	0	4	0
chrX	882651	2	0	2	0
chrX	882655	0	0	3	0
chrX	964639	0	0	2	0
chrX	964672	0	0	0	2
chrX	964687	0	0	1	0
chrX	964690	1	0	0	0
chrX	969209	0	0	1	0
chrX	969261	0	0	1	0
chrX	969283	1	0	0	0
chrX	969508	3	0	0	0
chrX	969623	0	2	0	4
chrX	969675	2	0	1	0
chrX	973463	0	1	0	0
chrX	990621	1	0	0	0
chrX	991691	0	3	0	0
chrX	991766	0	1	0	0
chrX	993930	1	0	0	0
chrX	994033	0	0	1	0
chrX	995955	0	0	0	1
chrX	998723	0	0	1	0
chrX	1008653	0	0	0	1
chrX	1025683	0	1	0	0
chrX	1028111	1	0	0	0
chrX	1064842	0	1	0	0
chrX	1064858	0	1	0	0
chrX	1114054	0	0	1	0
chrX	1114056	0	0	0	1
chrX	1114077	0	1	0	0
chrX	1114081	1	0	0	0
chrX	1114090	0	0	1	0
chrX	1192016	0	1	0	0
chrX	1192021	0	0	0	1
chrX	1192087	0	1	0	0
chrX	1192136	0	1	0	0
chrX	1202858	0	0	1	0
chrX	1240749	0	0	0	1
chrX	1240769	0	1	0	0
chrX	1240771	0	1	0	0
chrX	1242053	0	1	0	0
chrX	1244111	0	0	1	0
chrX	1271577	0	1	0	0
chrX	1272815	0	0	0	1
chrX	1272853	0	1	0	0
chrX	1272905	0	0	1	0
chrX	1273759	0	0	0	1
chrX	1284197	0	0	0	33
chrX	1301603	0	0	0	5
chrX	1317573	1	0	0	0
chrX	1317577	0	0	0	2
chrX	1338404	0	0	0	1
chrX	1340854	0	0	0	1
chrX	1341847	0	0	1	0
chrX	1344084	1	0	0	0
chrX	1345928	0	1	0	0
chrX	1346270	0	0	3	0
chrX	1346295	0	3	0	0
chrX	1346644	0	0	3	0
chrX	1347587	0	0	1	0
chrX	1349243	0	0	2	0
chrX	1349888	0	2	1	0
chrX	1350200	2	0	1	0
chrX	1351909	0	0	0	1
chrX	1352044	0	2	0	0
chrX	1356428	2	0	1	0
chrX	1356541	1	0	2	0
chrX	1358590	0	1	0	0
chrX	1360057	5	0	5	0
chrX	1360549	0	0	9	0
chrX	1360723	31	0	0	4
chrX	1361343	0	0	20	0
chrX	1361622	7	0	18	0
chrX	1361666	11	0	0	5
chrX	1363382	0	0	1	0
chrX	1363512	0	1	0	3
chrX	1363558	0	2	1	0
chrX	1368688	0	1	0	0
chrX	1385385	5	0	17	0
chrX	1385821	2	0	1	0
chrX	1385971	27	0	0	0
chrX	1389431	30	0	2	0
chrX	1391152	1	0	1	0
chrX	1392191	0	1	0	0
chrX	1392611	0	0	0	1
chrX	1393128	0	1	0	0
chrX	1393645	0	1	1	0
chrX	1393647	1	0	1	0
chrX	1394377	0	0	0	1
chrX	1395925	0	0	2	0
chrX	1397204	0	9	0	1
chrX	1398746	0	11	0	0
chrX	1398834	29	0	1	0
chrX	1398872	0	1	19	0
chrX	1398936	0	0	0	9
chrX	1398949	0	7	0	0
chrX	1398964	0	11	0	1
chrX	1398965	11	0	2	0
chrX	1398969	11	0	4	0
chrX	1399036	0	28	0	18
chrX	1399045	0	18	0	31
chrX	1399174	0	105	2	0
chrX	1399284	63	0	0	0
chrX	1399369	0	0	0	12
chrX	1399626	0	2	0	0
chrX	1399777	0	0	11	0
chrX	1399781	3	0	8	0
chrX	1399815	0	3	0	3
chrX	1399839	1	0	3	0
chrX	1399865	0	0	1	0
chrX	1400114	1	0	0	0
chrX	1400131	0	1	0	0
chrX	1400261	0	0	0	1
chrX	1400285	0	0	1	0
chrX	1400431	2	0	0	0
chrX	1403432	0	12	0	78
chrX	1403964	0	0	0	1
chrX	1405457	0	1	0	0
chrX	1405461	0	0	0	1
chrX	1405649	0	1	2	0
chrX	1406519	0	1	0	0
chrX	1406767	0	0	5	3
chrX	1407397	0	0	0	3
chrX	1407523	4	0	0	0
chrX	1407531	0	0	0	2
chrX	1407587	3	0	1	0
chrX	1407723	0	0	0	1
chrX	1411017	0	7	4	0
chrX	1411685	0	1	0	0
chrX	1411877	1	0	0	0
chrX	1412107	0	0	16	0
chrX	1412291	1	0	2	0
chrX	1412652	0	1	0	2
chrX	1412665	0	2	0	1
chrX	1412676	0	0	2	1
chrX	1412807	3	0	0	11
chrX	1414795	1	0	0	0
chrX	1415337	0	0	0	1
chrX	1415573	0	2	0	1
chrX	1415698	7	0	0	3
chrX	1416508	0	0	0	1
chrX	1419060	0	0	0	1
chrX	1420176	0	0	0	10
chrX	1420630	0	3	0	0
chrX	1421109	14	0	2	0
chrX	1421639	0	0	0	4
chrX	1423113	0	0	0	4
chrX	1423209	0	0	0	9
chrX	1423259	0	0	0	6
chrX	1423484	0	0	5	0
chrX	1423555	0	1	0	0
chrX	1423595	0	0	1	0
chrX	1424964	0	0	2	0
chrX	1425068	0	0	2	0
chrX	1425142	0	0	4	0
chrX	1425191	2	0	0	0
chrX	1425241	0	0	1	0
chrX	1425379	0	29	0	0
chrX	1425429	1	35	0	0
chrX	1425440	0	0	0	37
chrX	1425544	0	0	0	11
chrX	1425649	0	6	0	2
chrX	1426722	1	0	0	0
chrX	1426794	0	1	0	0
chrX	1427899	1	0	0	0
chrX	1427983	1	0	1	0
chrX	1428100	2	0	0	0
chrX	1432077	0	0	1	0
chrX	1434528	0	2	0	0
chrX	1435249	0	0	0	2
chrX	1435278	0	2	0	0
chrX	1435363	0	1	0	0
chrX	1436311	0	1	0	0
chrX	1436415	0	1	0	0
chrX	1438059	0	1	0	0
chrX	1438158	0	0	1	0
chrX	1438381	0	0	2	0
chrX	1438387	0	0	0	2
chrX	1438411	0	2	0	0
chrX	1438414	0	2	0	0
chrX	1439645	1	0	0	0
chrX	1440150	3	0	0	0
chrX	1441747	0	1	0	0
chrX	1448879	1	0	0	0
chrX	1451826	3	0	0	0
chrX	1452614	0	0	3	0
chrX	1456689	0	1	0	0
chrX	1456896	0	3	0	0
chrX	1456926	0	0	0	5
chrX	1457426	0	0	1	0
chrX	1457514	0	0	0	1
chrX	1460980	0	0	0	6
chrX	1461393	0	0	2	0
chrX	1461418	1	0	0	0
chrX	1461645	1	0	17	0
chrX	1461657	0	1	0	13
chrX	1461666	1	0	13	0
chrX	1461707	0	1	0	17
chrX	1461745	0	0	1	17
chrX	1466418	0	0	1	0
chrX	1466607	0	1	0	0
chrX	1467971	1	0	0	0
chrX	1470085	0	0	1	0
chrX	1471554	24	0	9	0
chrX	1472308	0	1	0	0
chrX	1478770	0	0	1	0
chrX	1478792	0	1	0	0
chrX	1478828	0	0	1	0
chrX	1479395	0	0	2	0
chrX	1480318	1	0	0	0
chrX	1480383	0	3	0	8
chrX	1480420	0	0	13	5
chrX	1480446	5	0	18	0
chrX	1480687	0	0	4	0
chrX	1480916	0	2	0	0
chrX	1480917	0	2	0	0
chrX	1480942	2	0	0	0
chrX	1482991	0	1	0	0
chrX	1482996	0	0	0	1
chrX	1484201	0	0	0	1
chrX	1484492	19	1	0	23
chrX	1484497	0	19	0	26
chrX	1494202	0	0	1	0
chrX	1494697	2	0	0	0
chrX	1494964	0	0	0	10
chrX	1495126	0	0	0	51
chrX	1495461	0	2	0	0
chrX	1495470	0	0	3	0
chrX	1496655	1	0	0	1
chrX	1496759	2	0	0	0
chrX	1496765	2	0	0	0
chrX	1496985	0	4	2	0
chrX	1497119	0	1	0	0
chrX	1497141	0	0	1	0
chrX	1497573	7	0	5	0
chrX	1497598	0	4	0	5
chrX	1498980	3	0	0	0
chrX	1500060	8	1	1	0
chrX	1500182	0	2	0	0
chrX	1500680	0	2	0	15
chrX	1500694	0	16	0	0
chrX	1500699	0	0	0	16
chrX	1501739	3	0	0	0
chrX	1501743	0	4	0	0
chrX	1501755	5	0	0	0
chrX	1502425	2	0	0	0
chrX	1504641	0	1	0	0
chrX	1504856	0	0	28	1
chrX	1504903	0	1	0	35
chrX	1505007	0	0	21	0
chrX	1505054	0	0	0	14
chrX	1506079	6	0	0	0
chrX	1506815	0	18	0	8
chrX	1506965	0	16	0	24
chrX	1506972	14	0	24	0
chrX	1507017	0	14	5	0
chrX	1507210	0	1	0	0
chrX	1511536	0	0	0	3
chrX	1511543	5	0	0	0
chrX	1511988	0	1	0	0
chrX	1512243	0	0	0	17
chrX	1516038	0	0	1	0
chrX	1521478	0	9	0	0
chrX	1531056	0	0	2	0
chrX	1531068	2	0	0	0
chrX	1541900	1	0	0	0
chrX	1547112	0	1	0	0
chrX	1547663	0	0	1	0
chrX	1547701	0	0	1	0
chrX	1548307	0	1	0	0
chrX	1548345	0	0	1	0
chrX	1549347	0	0	0	1
chrX	1591035	1	2	0	0
chrX	1591067	0	0	1	0
chrX	1594107	0	4	0	236
chrX	1594128	0	3	0	259
chrX	1595720	0	0	0	1
chrX	1605318	0	0	0	1
chrX	1605650	0	0	0	3
chrX	1605892	5	0	0	0
chrX	1611584	0	0	0	1
chrX	1611589	0	0	1	0
chrX	1611624	0	0	1	0
chrX	1626423	0	1	0	0
chrX	1660459	0	0	3	0
chrX	1660613	2	0	2	0
chrX	1660690	0	0	0	2
chrX	1662011	4	0	1	0
chrX	1663240	0	0	0	1
chrX	1664619	1	0	0	3
chrX	1677717	0	0	4	0
chrX	1678942	0	0	3	0
chrX	1681022	0	0	5	0
chrX	1687061	0	0	1	0
chrX	1687494	0	1	0	0
chrX	1689056	1	0	1	0
chrX	1689079	0	1	0	0
chrX	1691401	1	0	0	0
chrX	1691556	0	0	0	2
chrX	1692396	0	0	7	0
chrX	1692440	0	0	0	3
chrX	1693340	0	0	1	0
chrX	1694161	0	1	0	0
chrX	1694191	0	0	0	1
chrX	1694196	0	0	1	0
chrX	1694206	0	0	1	0
chrX	1695538	0	0	1	0
chrX	1714540	0	4	0	0
chrX	1715389	0	2	0	3
chrX	1715711	0	0	0	1
chrX	1715712	0	0	2	0
chrX	1715714	0	0	2	0
chrX	1715734	0	0	2	0
chrX	1715756	0	0	3	0
chrX	1727126	0	0	0	5
chrX	1728947	1	0	0	0
chrX	1729001	1	0	0	0
chrX	1729204	0	1	0	0
chrX	1730168	0	0	7	0
chrX	1730340	0	2	0	0
chrX	1730679	0	0	3	0
chrX	1731048	0	0	0	11
chrX	1731217	0	5	0	0
chrX	1731617	0	0	2	0
chrX	1731702	0	0	0	8
chrX	1731860	0	3	0	0
chrX	1732361	0	0	2	0
chrX	1732483	3	0	0	0
chrX	1737808	1	0	0	0
chrX	1741477	2	0	2	0
chrX	1742181	1	0	1	0
chrX	1742239	0	1	0	4
chrX	1742415	2	0	22	0
chrX	1742679	1	0	0	0
chrX	1743023	0	0	1	2
chrX	1744034	0	0	2	0
chrX	1744089	0	2	0	0
chrX	1744353	0	0	0	18
chrX	1755829	0	0	1	0
chrX	1755945	0	0	2	0
chrX	1758370	1	0	0	0
chrX	1759496	0	0	9	0
chrX	1759597	0	7	0	0
chrX	1762255	0	1	0	0
chrX	1762277	0	0	0	1
chrX	1762797	0	0	0	7
chrX	1772331	0	1	0	0
chrX	1775210	0	0	3	0
chrX	1775224	0	0	3	0
chrX	1790542	0	0	3	0
chrX	1790593	0	2	0	0
chrX	1941965	0	1	0	0
chrX	1942145	0	0	2	0
chrX	1942152	0	0	2	0
chrX	1942274	0	0	0	6
chrX	2147462	0	0	0	1
chrX	2169538	0	0	2	0
chrX	2174707	0	0	0	2
chrX	2188886	0	0	0	1
chrX	2195750	0	3	0	0
chrX	2199186	0	0	0	2
chrX	2199265	1	0	0	0
chrX	2199308	0	0	0	1
chrX	2203527	0	1	0	0
chrX	2203616	0	0	0	1
chrX	2208248	0	1	0	0
chrX	2208708	0	5	0	1
chrX	2211614	0	2	0	0
chrX	2221146	69	0	34	0
chrX	2231524	0	1	0	1
chrX	2232355	0	5	2	0
chrX	2233507	1	0	0	0
chrX	2233715	0	0	1	0
chrX	2237804	2	0	0	0
chrX	2239162	1	0	0	0
chrX	2240836	0	1	0	0
chrX	2243110	7	0	4	0
chrX	2247391	0	1	0	0
chrX	2255231	0	0	0	1
chrX	2255297	0	0	0	1
chrX	2256196	0	4	0	0
chrX	2256347	1	0	0	0
chrX	2256480	0	4	3	0
chrX	2256493	0	4	3	0
chrX	2298456	0	3	0	3
chrX	2298525	4	0	5	0
chrX	2298542	3	5	0	0
chrX	2298950	0	0	0	3
chrX	2306596	0	0	3	0
chrX	2307372	0	1	0	0
chrX	2313725	0	1	0	2
chrX	2313733	1	0	2	0
chrX	2322782	0	0	0	2
chrX	2322876	0	0	3	0
chrX	2325001	4	2	0	0
chrX	2327776	0	0	2	0
chrX	2334362	0	0	3	0
chrX	2334556	0	2	0	0
chrX	2334572	0	0	1	0
chrX	2336725	0	2	0	0
chrX	2336735	0	2	0	0
chrX	2337972	0	0	0	2
chrX	2337974	2	0	0	0
chrX	2339558	0	3	0	0
chrX	2341890	0	2	0	0
chrX	2344025	0	1	0	0
chrX	2348696	1	0	0	1
chrX	2349517	0	2	0	0
chrX	2349697	1	0	0	0
chrX	2349779	0	1	0	1
chrX	2349789	0	1	0	1
chrX	2349854	0	1	0	3
chrX	2349911	0	1	4	0
chrX	2358405	0	0	0	1
chrX	2358420	1	0	0	0
chrX	2360311	1	0	4	0
chrX	2372820	0	2	6	0
chrX	2372840	6	0	2	0
chrX	2378191	1	0	0	0
chrX	2378925	0	0	6	0
chrX	2378951	0	1	0	5
chrX	2379766	0	0	13	0
chrX	2380919	0	0	0	1
chrX	2380957	0	2	0	0
chrX	2380967	0	0	0	2
chrX	2381085	0	0	0	3
chrX	2381440	0	1	0	0
chrX	2384904	3	0	0	0
chrX	2384921	0	0	3	0
chrX	2384932	1	0	0	2
chrX	2385004	3	0	0	0
chrX	2386905	0	7	0	1
chrX	2389985	5	0	0	0
chrX	2390878	0	0	2	0
chrX	2391891	0	0	0	1
chrX	2396448	0	1	0	0
chrX	2396451	0	0	0	1
chrX	2396481	1	0	0	0
chrX	2396850	0	0	0	1
chrX	2397459	1	0	0	0
chrX	2399001	0	1	0	2
chrX	2399009	1	2	0	0
chrX	2400138	0	0	0	3
chrX	2401612	0	0	2	0
chrX	2403256	2	0	0	0
chrX	2408741	0	1	0	0
chrX	2409920	0	3	0	0
chrX	2424807	2	0	0	0
chrX	2431802	1	0	0	0
chrX	2435698	0	0	1	0
chrX	2438973	0	2	0	0
chrX	2443860	1	0	0	0
chrX	2450921	0	0	0	2
chrX	2455561	0	0	2	0
chrX	2459757	0	2	0	0
chrX	2465433	4	0	0	0
chrX	2465436	0	4	0	0
chrX	2465521	14	0	0	0
chrX	2465600	0	27	0	1
chrX	2467442	2	0	0	0
chrX	2467531	2	0	0	0
chrX	2467555	0	2	0	0
chrX	2467800	0	0	0	1
chrX	2467818	0	1	0	0
chrX	2470243	1	0	0	0
chrX	2470313	1	0	0	0
chrX	2470445	0	0	0	1
chrX	2471984	0	0	1	0
chrX	2472032	0	1	0	0
chrX	2472061	0	0	1	0
chrX	2472093	0	0	0	1
chrX	2477280	0	0	3	0
chrX	2480248	0	0	1	0
chrX	2480289	1	0	0	0
chrX	2486650	0	71	142	0
chrX	2486976	0	0	0	5
chrX	2487402	0	0	0	2
chrX	2487511	0	2	0	0
chrX	2487523	0	1	0	0
chrX	2487535	0	0	0	1
chrX	2487537	0	1	0	0
chrX	2488129	7	0	0	0
chrX	2488221	7	0	0	0
chrX	2488332	0	0	56	21
chrX	2488404	78	37	0	0
chrX	2488411	0	38	0	82
chrX	2491717	0	2	0	0
chrX	2496232	0	0	0	1
chrX	2500497	0	1	0	0
chrX	2500513	0	0	0	1
chrX	2500591	0	0	1	0
chrX	2601548	0	1	0	0
chrX	2605042	0	0	1	0
chrX	2605043	0	0	1	0
chrX	2605088	1	0	1	0
chrX	2605161	0	1	0	1
chrX	2605182	0	0	1	1
chrX	2615882	0	0	0	1
chrX	2618771	0	1	0	0
chrX	2636602	5	0	0	0
chrX	2641805	1	0	0	0
chrX	2644923	0	0	3	0
chrX	2644986	0	0	5	0
chrX	2644995	0	5	0	0
chrX	2645790	1	0	0	0
chrX	2645798	0	0	0	1
chrX	2645973	0	0	9	0
chrX	2651376	0	0	1	0
chrX	2651467	3	0	0	0
chrX	2651531	2	0	0	0
chrX	2691676	0	0	1	2
chrX	2691708	0	1	0	2
chrX	2698770	0	0	0	1
chrX	2706040	0	0	0	2
chrX	2706145	0	0	1	1
chrX	2707679	0	1	0	0
chrX	2714148	0	0	2	0
chrX	2717087	0	0	0	7
chrX	2717996	1	0	0	0
chrX	2718615	0	1	0	0
chrX	2720777	6	0	0	0
chrX	2721067	0	0	0	1
chrX	2721119	1	0	0	0
chrX	2724566	0	5	0	7
chrX	2728416	2	0	0	0
chrX	2729608	0	1	0	0
chrX	2731361	9	0	0	0
chrX	2732506	0	0	0	1
chrX	2732523	0	0	0	1
chrX	2733525	0	0	0	28
chrX	2735872	3	0	0	0
chrX	2736419	0	0	1	0
chrX	2736534	0	0	0	1
chrX	2742778	0	0	6	0
chrX	2744852	2	0	0	0
chrX	2766748	0	0	2	0
chrX	2801918	1	0	0	0
chrX	2801950	0	0	1	0
chrX	2801955	0	1	0	0
chrX	2801986	0	2	0	0
chrX	2900156	0	0	0	1
chrX	2904212	0	8	0	0
chrX	2909360	0	0	2	0
chrX	3482954	0	1	0	0
chrX	3590378	2	0	0	0
chrX	3600436	0	0	1	0
chrX	3604629	47	0	26	1
chrX	3604718	0	18	0	11
chrX	3613717	0	1	0	1
chrX	3629711	0	3	3	0
chrX	3643555	0	1	0	0
chrX	3661816	0	0	1	0
chrX	3662261	1	0	1	0
chrX	3662424	6	0	2	0
chrX	3662462	5	0	5	0
chrX	3664336	0	0	2	0
chrX	3665991	0	0	0	1
chrX	3666020	0	0	1	1
chrX	3666248	0	0	5	0
chrX	3666259	4	0	0	0
chrX	3671048	0	0	0	1
chrX	3674684	1	0	0	0
chrX	3675618	0	0	1	0
chrX	3685464	0	1	0	0
chrX	3685474	0	1	0	1
chrX	3685612	5	0	3	0
chrX	3685675	0	0	0	3
chrX	3686423	0	0	1	0
chrX	3686727	0	0	0	1
chrX	3689699	0	0	0	1
chrX	3689703	0	1	0	0
chrX	3689705	0	0	0	1
chrX	3689716	0	0	1	0
chrX	3689760	0	0	3	0
chrX	3689803	0	2	0	0
chrX	3689804	0	2	0	0
chrX	3693440	1	0	0	0
chrX	3695532	6	2	0	0
chrX	3695715	0	1	0	0
chrX	3695850	0	1	0	0
chrX	3697720	0	0	10	7
chrX	3697721	0	0	8	7
chrX	3697755	0	8	0	9
chrX	3697767	0	9	0	8
chrX	3699852	4	0	0	0
chrX	3700091	4	1	0	0
chrX	3700894	6	11	0	0
chrX	3701483	1	0	1	0
chrX	3757315	0	0	1	0
chrX	3811990	0	1	0	0
chrX	3819419	0	9	0	9
chrX	3821167	0	4	0	4
chrX	3827143	12	0	11	0
chrX	3827693	0	2	0	1
chrX	3827963	0	0	2	0
chrX	3830868	0	0	0	1
chrX	3927969	0	0	0	2
chrX	4043118	0	1	0	0
chrX	4653618	0	1	0	0
chrX	5049181	0	0	1	0
chrX	5049240	0	0	0	1
chrX	5227019	0	0	1	0
chrX	5481708	0	0	1	0
chrX	5481795	0	0	1	0
chrX	5736728	0	0	0	1
chrX	6083108	0	0	1	0
chrX	6083120	0	0	1	0
chrX	6083210	1	0	0	0
chrX	6360133	0	3	0	0
chrX	6360140	1	1	0	0
chrX	6360144	0	2	0	1
chrX	6360149	0	3	0	0
chrX	6360150	0	0	3	0
chrX	6773381	1	0	0	0
chrX	6802492	0	1	0	0
chrX	6823172	0	0	0	1
chrX	6836203	0	0	0	3
chrX	6860660	0	3	0	3
chrX	6896486	1	0	0	0
chrX	6899096	0	0	0	2
chrX	6901408	0	2	0	0
chrX	6911258	0	1	0	0
chrX	6911420	0	6	0	6
chrX	6912313	0	0	2	0
chrX	6927042	1	0	1	0
chrX	6928179	0	0	0	1
chrX	6942006	1	0	0	0
chrX	6947243	3	2	0	0
chrX	6947318	0	0	0	1
chrX	6955589	3	0	1	0
chrX	6958424	0	8	0	0
chrX	6964446	1	0	0	0
chrX	6975537	0	1	0	0
chrX	7004037	0	0	1	0
chrX	7049925	7	2	0	0
chrX	7052996	1	0	0	0
chrX	7230503	0	2	0	0
chrX	7263564	1	0	2	0
chrX	7400121	0	0	1	0
chrX	7400252	0	0	1	0
chrX	7405138	0	1	0	0
chrX	7428293	0	3	0	0
chrX	7430663	0	3	0	0
chrX	7439608	0	0	0	1
chrX	7441058	0	0	0	2
chrX	7446560	1	0	1	0
chrX	7472781	0	0	2	1
chrX	7479415	0	0	2	0
chrX	7483219	0	0	0	1
chrX	7868474	0	0	0	1
chrX	7920087	0	2	1	0
chrX	7983097	1	0	0	0
chrX	8065938	0	2	0	0
chrX	8091950	17	0	8	0
chrX	8100861	3	0	0	0
chrX	8104940	0	2	0	0
chrX	8104948	0	2	0	0
chrX	8124197	0	1	0	1
chrX	8138568	0	0	0	1
chrX	8153635	0	0	1	0
chrX	8154973	0	0	1	1
chrX	8158028	2	0	0	0
chrX	8158291	0	0	1	0
chrX	8163401	0	0	1	0
chrX	8166954	0	0	1	0
chrX	8179469	1	0	0	0
chrX	8186870	0	0	0	1
chrX	8212041	1	0	1	0
chrX	8220268	0	1	0	0
chrX	8263629	4	0	1	0
chrX	8266986	2	0	0	0
chrX	8276103	0	2	0	0
chrX	8280216	1	0	0	0
chrX	8280217	0	0	0	1
chrX	8291250	3	2	0	0
chrX	8291325	1	0	0	3
chrX	8291582	1	0	0	0
chrX	8295056	0	0	1	0
chrX	8297830	0	1	0	0
chrX	8302260	0	0	5	0
chrX	8302425	0	3	0	0
chrX	8303404	0	0	1	0
chrX	8309582	0	2	0	0
chrX	8309708	0	1	0	4
chrX	8309746	4	0	1	0
chrX	8309922	0	0	1	0
chrX	8311817	2	0	1	0
chrX	8312005	0	1	0	0
chrX	8312726	0	0	1	0
chrX	8320810	0	2	0	0
chrX	8320904	0	1	0	0
chrX	8321151	0	3	3	0
chrX	8322638	0	1	0	1
chrX	8322639	1	0	1	0
chrX	8331563	1	0	0	0
chrX	8341452	0	0	0	2
chrX	8350918	0	1	0	1
chrX	8378908	3	0	2	0
chrX	8379051	3	0	0	0
chrX	8461450	0	0	0	1
chrX	9384881	1	0	0	0
chrX	9516407	0	2	0	0
chrX	9516427	0	0	2	0
chrX	9556195	1	0	0	0
chrX	9562627	1	0	0	0
chrX	9563283	0	0	1	0
chrX	9570957	5	0	0	0
chrX	9590075	1	0	0	0
chrX	9601810	1	0	0	0
chrX	9636108	0	0	1	0
chrX	9645524	0	1	0	0
chrX	9668333	0	1	0	0
chrX	9673563	2	0	0	0
chrX	9710000	0	0	0	6
chrX	9716259	1	0	0	0
chrX	9950922	1	0	0	0
chrX	10025223	0	0	1	0
chrX	10028437	0	0	0	1
chrX	10036079	1	0	0	0
chrX	10036116	0	0	1	0
chrX	10038272	0	1	0	0
chrX	10038412	0	3	0	0
chrX	10085259	0	0	20	0
chrX	10085327	42	0	0	0
chrX	10085602	2	0	0	0
chrX	10098320	0	0	1	0
chrX	10098347	0	1	0	0
chrX	10133874	1	0	0	0
chrX	10162310	0	0	0	3
chrX	10178512	3	0	0	0
chrX	10237541	2	0	0	0
chrX	10346103	0	1	0	0
chrX	10348895	1	0	0	0
chrX	10348942	0	1	0	0
chrX	10669093	0	0	0	4
chrX	10669124	0	0	0	3
chrX	10669176	0	0	2	0
chrX	10693438	0	1	0	0
chrX	10726104	0	0	1	0
chrX	10726116	0	0	1	0
chrX	10733104	0	0	0	1
chrX	10760911	0	0	1	0
chrX	10762411	0	5	0	0
chrX	10762471	4	0	0	0
chrX	10770616	0	1	0	0
chrX	10777644	1	0	0	0
chrX	10777686	3	0	0	0
chrX	10777834	0	1	0	0
chrX	10780114	0	0	1	0
chrX	10790277	0	0	0	2
chrX	10790304	0	0	1	0
chrX	10790426	1	0	0	0
chrX	10860137	0	0	4	0
chrX	10951537	0	1	0	0
chrX	11151625	0	0	0	1
chrX	11192425	0	0	0	1
chrX	11193861	1	0	0	0
chrX	11195680	2	0	0	0
chrX	11195837	0	1	0	0
chrX	11202701	5	0	0	0
chrX	11253722	0	2	0	0
chrX	11326407	0	0	0	2
chrX	11540027	0	0	2	0
chrX	11558560	0	0	8	0
chrX	11567539	1	0	0	0
chrX	11585915	0	1	0	0
chrX	11595218	0	1	0	0
chrX	11650044	2	0	0	0
chrX	11660251	0	0	0	1
chrX	11663396	0	0	0	1
chrX	11664188	0	0	1	0
chrX	11737417	0	0	0	1
chrX	11738857	0	1	0	0
chrX	11759381	5	0	0	0
chrX	11760352	0	0	0	8
chrX	11761513	0	0	0	5
chrX	11766227	0	0	1	1
chrX	11767314	1	0	0	1
chrX	11947860	0	0	1	0
chrX	12817222	0	0	18	0
chrX	12824264	0	0	8	0
chrX	12825739	1	0	0	0
chrX	12868140	0	0	1	0
chrX	12869199	0	0	0	3
chrX	12869219	0	0	3	0
chrX	12869297	0	0	9	0
chrX	12869504	8	0	99	0
chrX	12871690	0	1	0	0
chrX	12876741	0	0	18	0
chrX	12883443	1	0	0	0
chrX	12889588	22	0	0	0
chrX	12890218	1	0	53	0
chrX	12891725	0	2	0	16
chrX	12891817	1	0	35	0
chrX	12892402	0	0	22	0
chrX	12892500	0	0	15	0
chrX	12973888	0	1	0	0
chrX	12978193	0	0	0	2
chrX	12978636	0	10	51	0
chrX	12979318	0	5	0	0
chrX	12979594	0	7	0	3
chrX	12979687	1	0	0	0
chrX	12989672	3	0	0	0
chrX	12992629	0	0	2	0
chrX	13004590	27	0	9	0
chrX	13004759	0	5	0	3
chrX	13009391	0	0	4	14
chrX	13009516	1	1	0	0
chrX	13010118	1	0	0	0
chrX	13015119	1	0	0	1
chrX	13021150	0	0	1	0
chrX	13025549	1	0	2	0
chrX	13045545	0	0	0	1
chrX	13045848	0	0	0	3
chrX	13045975	0	1	0	0
chrX	13072358	0	0	1	0
chrX	13075842	0	0	2	0
chrX	13075856	2	0	0	0
chrX	13076324	1	0	0	0
chrX	13084060	0	1	0	0
chrX	13088692	3	0	2	0
chrX	13089941	0	3	0	0
chrX	13090131	0	0	0	1
chrX	13098774	1	0	0	0
chrX	13142462	0	0	0	1
chrX	13392255	1	0	0	0
chrX	13578710	1	0	0	0
chrX	13582344	1	0	0	0
chrX	13616514	0	0	2	0
chrX	13665637	1	0	0	0
chrX	13666034	0	3	0	0
chrX	13675880	0	1	0	0
chrX	13675886	0	1	0	0
chrX	13675887	0	0	1	0
chrX	13675893	0	0	1	0
chrX	13675900	0	0	0	1
chrX	13675911	0	1	0	0
chrX	13699409	2	11	0	0
chrX	13707822	1	0	0	0
chrX	13713355	7	0	0	0
chrX	13722839	0	0	1	0
chrX	13726803	1	0	0	0
chrX	13740256	1	0	0	0
chrX	13741340	0	0	0	1
chrX	13741341	0	0	0	1
chrX	13754879	0	0	1	0
chrX	13758921	0	1	0	0
chrX	13761624	0	0	0	1
chrX	13771230	0	0	13	4
chrX	13779144	0	3	0	0
chrX	13997692	0	2	0	1
chrX	14682754	2	0	0	0
chrX	14684155	0	0	2	0
chrX	14684234	0	0	0	2
chrX	14684252	0	0	0	2
chrX	14843163	0	3	0	0
chrX	14843282	0	0	0	3
chrX	14852287	2	0	0	0
chrX	14863555	0	1	0	0
chrX	14869025	0	13	0	0
chrX	14883105	0	0	2	0
chrX	14895696	0	0	1	0
chrX	15148933	0	1	0	0
chrX	15148937	0	1	0	0
chrX	15149026	1	0	0	0
chrX	15149034	0	0	1	0
chrX	15284027	0	1	0	1
chrX	15284048	0	2	0	0
chrX	15319492	0	0	0	6
chrX	15319760	26	0	1	0
chrX	15319880	3	0	0	0
chrX	15362087	0	1	0	0
chrX	15382136	0	0	0	1
chrX	15382137	0	0	1	0
chrX	15384908	0	0	0	127
chrX	15396965	0	0	0	2
chrX	15396987	0	0	2	0
chrX	15396991	0	2	0	0
chrX	15397051	0	0	0	2
chrX	15397461	0	37	0	0
chrX	15409465	0	0	0	3
chrX	15425568	0	0	0	12
chrX	15425787	7	0	0	0
chrX	15426094	0	0	0	8
chrX	15428760	0	0	0	4
chrX	15428836	0	0	0	4
chrX	15447690	0	2	0	0
chrX	15453760	0	0	5	0
chrX	15458312	0	3	0	0
chrX	15466272	5	0	0	0
chrX	15484503	0	1	0	0
chrX	15484606	0	5	0	0
chrX	15492626	0	0	2	0
chrX	15675171	0	0	0	1
chrX	15675734	0	0	0	5
chrX	15682709	0	2	0	0
chrX	15682995	0	4	0	1
chrX	15683622	2	0	0	1
chrX	15685928	0	0	1	0
chrX	15687018	0	0	0	4
chrX	15691078	1	0	0	1
chrX	15691274	0	5	0	3
chrX	15691331	0	0	0	3
chrX	15698322	16	0	9	0
chrX	15704756	0	1	0	4
chrX	15711845	0	4	8	0
chrX	15712135	0	3	0	4
chrX	15715871	0	0	1	0
chrX	15718102	0	0	0	1
chrX	15718122	0	0	0	1
chrX	15720146	0	0	0	1
chrX	15725485	0	3	0	0
chrX	15735898	0	0	0	1
chrX	15735904	1	0	0	0
chrX	15735921	0	1	0	0
chrX	15735923	1	0	0	0
chrX	15735931	0	0	1	0
chrX	15752632	0	0	1	0
chrX	15836777	0	0	1	0
chrX	15856346	0	2	0	0
chrX	15893483	0	3	0	3
chrX	15908089	0	0	0	1
chrX	15911625	0	2	0	0
chrX	15921131	0	0	2	0
chrX	15921236	0	0	0	1
chrX	15978915	0	0	1	0
chrX	16337796	0	0	1	0
chrX	16452241	0	1	0	0
chrX	16562666	0	0	1	0
chrX	16587748	0	0	4	0
chrX	16588148	0	9	0	0
chrX	16593230	0	0	0	2
chrX	16596740	0	2	0	0
chrX	16662964	1	0	0	0
chrX	16665904	0	0	1	0
chrX	16666482	0	0	1	0
chrX	16666739	0	0	1	0
chrX	16667268	0	0	0	3
chrX	16671885	4	0	0	0
chrX	16673041	0	0	0	1
chrX	16673047	0	0	1	0
chrX	16673088	0	0	1	0
chrX	16674499	3	0	0	0
chrX	16677994	0	0	0	1
chrX	16685596	0	3	0	0
chrX	16685674	0	7	0	0
chrX	16705516	0	0	0	1
chrX	16709732	0	3	0	0
chrX	16709753	0	0	2	3
chrX	16725225	0	0	1	1
chrX	16732564	2	0	0	0
chrX	16734342	0	1	0	0
chrX	16734856	1	0	0	0
chrX	16739581	28	0	8	0
chrX	16739587	0	31	10	0
chrX	16739918	16	0	0	0
chrX	16739921	0	0	0	17
chrX	16740289	0	0	0	1
chrX	16754596	0	9	0	1
chrX	16780397	0	0	0	1
chrX	16789952	0	0	3	0
chrX	16812775	0	0	0	4
chrX	16821792	0	0	0	5
chrX	16827208	0	0	0	1
chrX	16842011	0	15	0	2
chrX	16842130	1	0	4	0
chrX	16864370	0	1	0	4
chrX	16870368	1	0	0	0
chrX	17737888	1	0	0	0
chrX	18314868	0	2	0	0
chrX	18465368	0	2	0	0
chrX	18548670	0	1	0	0
chrX	18736123	0	1	0	0
chrX	18897394	0	0	1	0
chrX	18917539	2	0	0	0
chrX	18917569	0	0	2	0
chrX	18917588	1	0	0	0
chrX	18941544	2	0	0	0
chrX	18966254	3	0	0	0
chrX	18966338	0	0	0	6
chrX	18995893	0	0	2	0
chrX	19008235	0	0	0	4
chrX	19148025	1	0	0	0
chrX	19351848	0	0	0	4
chrX	19353744	0	0	1	0
chrX	19353932	0	0	2	1
chrX	19362592	0	13	0	0
chrX	19362642	7	0	0	0
chrX	19365994	0	0	1	0
chrX	19366497	4	0	0	0
chrX	19367202	0	0	3	0
chrX	19368962	0	0	0	1
chrX	19370168	0	0	0	2
chrX	19370169	0	2	0	0
chrX	19370693	0	0	1	0
chrX	19519952	0	1	0	0
chrX	19521263	0	0	1	0
chrX	19526736	0	2	0	0
chrX	19530260	0	0	0	17
chrX	19530931	0	0	0	16
chrX	19538955	0	0	0	2
chrX	19559865	1	0	0	0
chrX	19581746	0	0	0	14
chrX	19595286	0	1	0	0
chrX	19611378	0	1	0	0
chrX	19612569	0	0	4	0
chrX	19624512	0	1	0	0
chrX	19653898	0	0	0	7
chrX	19659011	0	0	2	0
chrX	19659653	9	0	0	0
chrX	19659856	0	4	0	0
chrX	19675527	0	0	0	5
chrX	19678181	1	0	0	0
chrX	19681074	0	0	0	3
chrX	19720163	0	0	1	0
chrX	19728334	0	4	0	0
chrX	19728640	2	0	0	0
chrX	19736004	0	0	2	0
chrX	19736123	0	0	0	3
chrX	19737121	0	91	0	0
chrX	19737605	0	0	0	1
chrX	19737756	2	0	0	0
chrX	19742331	22	0	0	0
chrX	19742763	14	0	0	0
chrX	19742921	0	0	0	2
chrX	19746586	0	0	2	0
chrX	19757405	0	0	0	51
chrX	19760259	0	2	0	0
chrX	19767073	1	0	0	0
chrX	19773309	0	0	0	2
chrX	19776590	2	0	0	0
chrX	19781220	0	0	0	1
chrX	19782955	0	1	0	0
chrX	19788962	0	0	1	0
chrX	19790000	0	0	0	2
chrX	19795097	0	0	2	0
chrX	19803180	0	0	1	0
chrX	19813907	0	0	1	0
chrX	19814785	0	0	0	1
chrX	19817991	0	0	4	0
chrX	19819343	3	0	0	0
chrX	19819551	0	0	0	10
chrX	19820373	0	0	2	0
chrX	19827654	1	0	0	0
chrX	19831430	9	0	0	0
chrX	19839003	0	0	1	0
chrX	19848978	0	0	0	5
chrX	19849266	0	21	0	0
chrX	19851528	0	0	3	0
chrX	19878439	0	6	0	0
chrX	19878507	0	0	0	13
chrX	19878511	0	0	0	15
chrX	19878515	7	0	0	5
chrX	19878517	12	0	0	2
chrX	19892993	0	0	2	0
chrX	19913560	1	0	0	0
chrX	19922033	0	0	1	0
chrX	19922660	1	0	0	0
chrX	19928069	3	0	0	0
chrX	19932617	0	1	0	0
chrX	19944905	1	0	0	0
chrX	19962623	0	1	0	0
chrX	19983731	0	0	0	1
chrX	20125252	0	0	1	0
chrX	20125916	0	17	0	10
chrX	20126287	11	0	61	0
chrX	20127177	51	84	0	0
chrX	20136040	1	0	0	0
chrX	20136228	0	1	1	0
chrX	20139749	0	1	0	2
chrX	20142728	0	0	0	1
chrX	20155576	0	0	1	0
chrX	20160508	1	0	0	0
chrX	20163761	0	0	0	1
chrX	20178687	0	0	5	0
chrX	20180223	0	10	0	0
chrX	20185198	0	8	0	0
chrX	20186343	0	0	1	0
chrX	20187738	1	0	0	0
chrX	20212231	0	11	0	0
chrX	20223400	0	0	1	0
chrX	20246079	0	2	0	0
chrX	20247596	0	6	0	0
chrX	20442752	1	0	0	0
chrX	20572876	0	0	0	1
chrX	20746945	1	0	0	0
chrX	20784611	0	1	0	0
chrX	21486103	1	0	0	0
chrX	21627220	0	0	0	2
chrX	21631314	0	0	1	0
chrX	21826601	0	2	0	0
chrX	21843316	1	0	0	0
chrX	21843508	0	0	2	0
chrX	21844736	0	0	0	1
chrX	21859306	2	0	0	0
chrX	21859763	0	0	17	0
chrX	21859847	0	24	0	0
chrX	21859915	0	0	0	16
chrX	21859919	0	0	0	16
chrX	21861510	0	0	0	21
chrX	21861517	0	21	0	0
chrX	21865482	0	1	0	0
chrX	21881263	0	0	0	1
chrX	21885215	0	28	0	0
chrX	21892365	0	0	0	5
chrX	21898462	1	0	0	0
chrX	21911779	0	1	0	0
chrX	21913331	0	3	0	0
chrX	21916264	2	0	0	0
chrX	21922967	0	0	1	0
chrX	21924573	0	2	0	0
chrX	21944031	0	0	0	1
chrX	21944541	2	0	0	0
chrX	21949817	0	0	2	0
chrX	21950159	0	0	0	1
chrX	21950647	0	0	0	14
chrX	21950665	0	0	12	0
chrX	21950666	0	0	12	0
chrX	21950726	0	11	0	0
chrX	21953009	0	1	0	0
chrX	21957368	0	12	0	0
chrX	21957401	0	0	13	0
chrX	21965662	0	0	1	0
chrX	21972337	0	1	0	0
chrX	22009973	0	0	1	0
chrX	22017851	0	14	0	0
chrX	22017890	0	0	9	0
chrX	22018127	0	0	1	0
chrX	22111394	0	1	0	0
chrX	22114172	3	0	0	0
chrX	22114240	0	0	2	0
chrX	22682656	0	0	0	1
chrX	23368879	1	0	0	0
chrX	23546320	0	1	0	0
chrX	23546324	1	0	0	0
chrX	23669735	0	0	2	0
chrX	23671600	0	0	33	0
chrX	23673582	2	0	0	0
chrX	23675871	0	18	0	0
chrX	23682576	0	0	7	0
chrX	23682797	0	2	0	0
chrX	23683965	1	0	0	0
chrX	23701436	0	0	0	2
chrX	23702547	0	0	16	0
chrX	23704718	0	0	104	0
chrX	23707746	2	0	0	0
chrX	23708382	0	2	0	0
chrX	23708470	0	2	0	0
chrX	23711148	0	0	1	0
chrX	23718881	1	0	0	0
chrX	23721887	0	102	0	0
chrX	23725180	1	0	0	0
chrX	23725197	0	0	1	0
chrX	23727002	1	0	0	0
chrX	23730011	0	0	0	1
chrX	23786938	0	1	0	0
chrX	23798002	0	1	0	0
chrX	23833456	0	0	145	0
chrX	23834933	1	0	0	0
chrX	23835821	0	1	0	0
chrX	23842154	0	3	0	0
chrX	23842223	0	2	0	0
chrX	23878886	0	2	0	0
chrX	23884651	0	0	0	1
chrX	23889763	0	0	0	2
chrX	23889908	7	0	1	0
chrX	23897932	0	1	0	0
chrX	23905567	3	0	0	0
chrX	23975597	0	0	0	1
chrX	23975603	0	0	0	1
chrX	23981203	0	0	0	1
chrX	23984210	0	1	0	0
chrX	23993881	0	0	0	1
chrX	23999941	0	1	0	0
chrX	24000527	0	0	0	2
chrX	24008966	0	0	0	1
chrX	24015995	3	0	0	0
chrX	24019113	0	0	1	0
chrX	24019212	0	0	0	1
chrX	24021660	0	2	0	0
chrX	24040322	0	1	0	0
chrX	24055644	0	14	0	14
chrX	24055857	1	0	0	0
chrX	24063406	0	0	3	3
chrX	24063496	5	0	4	0
chrX	24066993	0	0	1	0
chrX	24068570	0	0	1	0
chrX	24068602	0	1	0	0
chrX	24068807	23	0	10	0
chrX	24069107	0	7	0	6
chrX	24070835	0	0	6	0
chrX	24071905	0	1	0	0
chrX	24073857	5	0	0	0
chrX	24074587	1	0	0	0
chrX	24074616	1	0	0	0
chrX	24075844	0	0	4	1
chrX	24076926	0	41	0	7
chrX	24078599	851	0	0	328
chrX	24080106	1	0	0	0
chrX	24081480	6	0	6	0
chrX	24083271	0	0	1	0
chrX	24092484	1	0	0	0
chrX	24097881	1	0	0	0
chrX	24114679	1	0	1	0
chrX	24148732	0	0	0	1
chrX	24152496	0	0	2	0
chrX	24152519	2	0	0	0
chrX	24154798	0	3	0	8
chrX	24157340	0	0	1	0
chrX	24161862	0	8	19	0
chrX	24164832	0	0	0	2
chrX	24164880	0	0	0	1
chrX	24167568	0	0	0	1
chrX	24168872	25	0	30	0
chrX	24168904	31	0	30	0
chrX	24170194	0	1	0	0
chrX	24173404	0	3	0	0
chrX	24174733	3	0	0	0
chrX	24176588	0	6	0	15
chrX	24176663	0	26	0	6
chrX	24180602	0	0	0	2
chrX	24181096	4	1	0	0
chrX	24188056	0	1	0	1
chrX	24191947	0	0	2	0
chrX	24195594	0	0	1	0
chrX	24195893	3	0	0	0
chrX	24198695	0	5	0	3
chrX	24200235	0	0	1	0
chrX	24204994	0	0	1	0
chrX	24213951	0	28	24	0
chrX	24213978	0	16	0	23
chrX	24215372	0	0	1	0
chrX	24215792	8	0	0	12
chrX	24220495	0	25	5	0
chrX	24225658	2	0	0	0
chrX	24242818	0	1	0	2
chrX	24263453	1	1	0	0
chrX	24465288	0	0	2	0
chrX	24465434	0	1	0	0
chrX	24465826	0	4	0	0
chrX	24471063	3	0	0	0
chrX	24475573	0	0	0	1
chrX	24490943	0	4	0	0
chrX	24491240	1	0	0	0
chrX	24496913	0	0	6	0
chrX	24497142	4	0	0	0
chrX	24499094	0	0	12	0
chrX	24499785	16	0	0	0
chrX	24500166	0	3	0	0
chrX	24503772	0	1	0	0
chrX	24512022	0	1	0	0
chrX	24520789	0	0	2	0
chrX	24529737	0	1	0	0
chrX	24531985	1	0	0	0
chrX	24541154	2	0	1748	0
chrX	24695200	2	0	0	0
chrX	24710964	11	0	0	0
chrX	24725313	0	0	2	0
chrX	24749102	0	0	7	0
chrX	24775269	1	0	0	0
chrX	24794027	0	1	0	0
chrX	24808169	0	0	0	1
chrX	24813662	6	0	0	0
chrX	24813771	0	0	1	0
chrX	24819718	0	0	1	0
chrX	24830944	0	1	0	0
chrX	24866811	0	1	0	0
chrX	24907564	1	0	0	0
chrX	24911354	0	0	0	1
chrX	24920254	0	0	2	0
chrX	24949522	0	6	0	0
chrX	24968526	0	0	0	18
chrX	24975306	6	0	0	0
chrX	25317853	1	0	0	0
chrX	25645943	0	27	0	2
chrX	25646046	0	2	0	0
chrX	25945032	1	0	0	0
chrX	26666996	0	0	1	0
chrX	26667000	0	0	0	1
chrX	26667078	0	2	0	0
chrX	26667102	0	1	0	1
chrX	26667180	0	0	1	0
chrX	26910854	0	1	0	0
chrX	26922094	0	0	1	0
chrX	28414938	0	3	0	0
chrX	28483592	0	0	1	0
chrX	28725173	0	0	1	0
chrX	28939491	0	1	0	0
chrX	29108518	0	1	0	0
chrX	29473404	0	0	1	0
chrX	29553069	0	8	0	28
chrX	29554432	0	0	0	2
chrX	29555438	0	3	3	0
chrX	30366215	1	0	0	0
chrX	30473046	0	0	0	1
chrX	30473063	0	1	0	0
chrX	30483525	0	0	0	1
chrX	30483634	0	0	1	0
chrX	30485513	0	0	0	1
chrX	30503716	4	2	0	0
chrX	30515427	0	2	0	3
chrX	30517091	0	1	0	1
chrX	30517429	0	0	0	1
chrX	30527940	0	0	0	2
chrX	30532304	1	0	0	0
chrX	30534392	0	0	0	1
chrX	30541296	0	0	0	6
chrX	30544889	0	1	0	0
chrX	30544891	1	0	0	0
chrX	30545544	0	0	2	0
chrX	30548033	27	0	6	0
chrX	30548160	0	1	0	0
chrX	30548163	0	0	1	0
chrX	30551692	0	0	0	1
chrX	30557159	0	0	0	1
chrX	30557812	12	0	0	5
chrX	30557823	0	14	0	5
chrX	30558384	0	3	0	14
chrX	30559231	29	0	0	107
chrX	30559729	1	6	0	0
chrX	30562971	0	1	0	0
chrX	30576760	6	0	0	0
chrX	30578243	0	0	2	0
chrX	30579011	0	2	0	0
chrX	30701239	1	0	0	0
chrX	30701375	0	0	0	1
chrX	30702261	0	1	0	0
chrX	30702378	1	0	0	0
chrX	30704855	0	1	0	0
chrX	30704859	0	1	0	0
chrX	30704870	0	0	1	0
chrX	30713185	0	0	0	5
chrX	30727673	4	0	0	0
chrX	30782976	0	0	1	0
chrX	30783070	0	0	0	1
chrX	30783079	0	0	0	1
chrX	30840446	0	0	0	3
chrX	30873441	0	1	0	0
chrX	30878203	0	1	0	0
chrX	30887097	0	0	1	0
chrX	31120472	0	1	0	0
chrX	31145835	0	0	3	0
chrX	31149661	0	2	0	0
chrX	31151117	0	1	0	0
chrX	31153084	0	2	0	0
chrX	31162275	0	1	0	0
chrX	31196567	0	0	7	0
chrX	31196681	0	9	0	0
chrX	31222068	0	2	0	0
chrX	31222309	0	0	2	0
chrX	31241317	0	0	0	1
chrX	31245080	1	0	0	0
chrX	31251338	0	1	0	0
chrX	31251485	1	0	0	0
chrX	31259918	0	1	0	0
chrX	31314141	1	0	0	0
chrX	31314177	0	0	0	1
chrX	31483070	0	0	2	0
chrX	31483172	2	0	1	0
chrX	31483191	0	2	0	1
chrX	31483268	0	0	1	0
chrX	31483275	0	0	0	1
chrX	31483276	1	0	0	0
chrX	31483281	0	1	0	0
chrX	31483282	0	0	1	0
chrX	31483288	0	0	0	1
chrX	32051190	1	0	0	0
chrX	32051307	0	1	0	0
chrX	32196868	1	0	0	0
chrX	32418770	0	0	1	0
chrX	34820437	0	0	14	0
chrX	34934079	0	0	0	1
chrX	35021362	0	1	0	0
chrX	35021459	0	0	1	0
chrX	36294551	0	0	1	0
chrX	36378697	1	0	0	0
chrX	36904055	0	0	1	0
chrX	37578702	1	0	0	0
chrX	37784087	0	0	4	0
chrX	37839169	0	0	0	86
chrX	37839991	9	0	0	1
chrX	38269285	0	5	0	2
chrX	38277830	0	10	0	0
chrX	38282541	0	0	0	1
chrX	38292792	0	0	2	0
chrX	38310060	0	1	0	0
chrX	38797673	0	0	0	2
chrX	38798127	0	0	0	2
chrX	38805087	0	0	2	0
chrX	38805760	0	0	0	3
chrX	38815451	1	0	0	0
chrX	38815619	4	0	0	0
chrX	38822252	0	0	0	4
chrX	38830090	0	0	1	0
chrX	38830311	0	1	0	0
chrX	38833210	0	1	0	0
chrX	38845954	0	0	1	0
chrX	38856258	1	0	0	0
chrX	38914656	0	0	0	1
chrX	38933339	0	0	1	0
chrX	39790423	1	0	0	0
chrX	39854222	0	0	0	2
chrX	39854648	0	1	0	0
chrX	39856344	0	0	2	0
chrX	39857237	0	0	0	8
chrX	39873676	3	0	1	0
chrX	39875049	0	0	1	0
chrX	40046954	0	0	5	0
chrX	40047020	0	4	0	0
chrX	40050482	0	0	2	0
chrX	40052980	0	0	5	0
chrX	40054934	0	2	0	0
chrX	40060084	0	0	0	1
chrX	40123828	0	0	0	1
chrX	40124128	0	0	1	0
chrX	40149889	1	0	0	0
chrX	40160775	0	0	0	1
chrX	40160954	0	6	0	0
chrX	40160980	0	0	0	5
chrX	40175946	0	0	0	1
chrX	40200277	0	1	0	0
chrX	40322769	0	0	1	0
chrX	40542532	0	0	1	0
chrX	40583566	0	0	0	9
chrX	40590415	0	0	1	0
chrX	40591350	0	0	7	0
chrX	40600788	0	13	0	0
chrX	40613815	0	2	0	0
chrX	40631610	1	0	0	0
chrX	40631729	0	0	0	3
chrX	40639757	0	2	0	0
chrX	40639786	0	0	0	1
chrX	40642926	0	0	0	2
chrX	40643833	0	10	0	2
chrX	40649990	0	2	0	6
chrX	40661281	0	5	0	1
chrX	40661418	0	1	0	0
chrX	40662574	0	0	3	8
chrX	40668361	0	0	1	0
chrX	40675118	1	0	0	0
chrX	40684590	1	0	0	0
chrX	40698680	1	0	0	10
chrX	40699873	0	1	0	0
chrX	40713905	0	0	1	0
chrX	40714672	7	0	1	0
chrX	40715607	60	0	504	0
chrX	40718681	1	0	0	0
chrX	40736183	0	1	0	0
chrX	40749435	0	1	0	0
chrX	40749522	3	0	1	0
chrX	40935013	0	20	0	1
chrX	40954487	0	0	1	0
chrX	41008536	0	2	0	0
chrX	41100357	0	1	0	0
chrX	41182262	3	0	1	0
chrX	41239957	0	0	0	7
chrX	41239958	0	7	0	0
chrX	41239966	0	0	0	6
chrX	41239973	0	0	6	0
chrX	41239974	0	0	6	0
chrX	41239975	0	0	6	0
chrX	41331100	0	1	0	0
chrX	41332950	0	2	0	0
chrX	41334803	15	0	3	0
chrX	41334891	0	0	11	0
chrX	41336264	0	12	0	2
chrX	41336662	0	17	0	5
chrX	41339026	0	0	0	1
chrX	41339937	0	0	3	0
chrX	41339977	13	0	0	0
chrX	41347180	1	0	0	0
chrX	41356758	0	1	0	0
chrX	41358187	0	1	0	0
chrX	41433049	0	0	0	11
chrX	41433089	0	0	0	7
chrX	41433676	1	0	0	0
chrX	41435359	2	0	0	0
chrX	41440028	0	0	3	0
chrX	41443152	0	1	0	0
chrX	41443188	1	0	0	0
chrX	41446325	0	5	0	0
chrX	41512843	0	0	0	1
chrX	41512924	0	0	2	0
chrX	41512950	0	0	0	3
chrX	41513392	0	0	1	0
chrX	41513393	0	0	0	1
chrX	41513770	0	0	1	0
chrX	41515144	3	0	0	0
chrX	41515270	0	1	0	0
chrX	41533781	0	1	0	0
chrX	41573410	3	0	0	0
chrX	41573518	5	0	0	0
chrX	41590309	0	2	0	0
chrX	41591110	0	1	0	0
chrX	41619163	2	0	0	0
chrX	41640377	0	0	0	4
chrX	41655208	9	0	0	0
chrX	41677055	0	1	0	0
chrX	41678702	0	0	2	0
chrX	41681899	0	3	0	0
chrX	41687063	0	1	0	0
chrX	41687301	0	1	0	0
chrX	41687685	0	0	13	0
chrX	41691045	0	0	2	0
chrX	41695561	0	0	0	5
chrX	41698163	0	0	1	0
chrX	41707994	0	0	0	3
chrX	41727580	1	0	0	0
chrX	41728916	0	0	0	1
chrX	41730577	0	9	0	0
chrX	41730630	0	7	0	0
chrX	41730633	7	0	0	0
chrX	41732950	0	0	1	0
chrX	41744624	0	0	6	0
chrX	41749650	0	0	1	0
chrX	41753667	0	1	0	0
chrX	41753780	0	0	1	0
chrX	41763959	1	0	0	0
chrX	41770311	0	0	0	1
chrX	41772123	70	0	1	0
chrX	41777385	3	0	0	0
chrX	41784700	0	1	0	0
chrX	41786666	0	0	0	1
chrX	41838849	0	0	0	1
chrX	41888422	0	1	0	0
chrX	41891211	0	0	4	0
chrX	41892343	0	5	0	0
chrX	41892424	0	6	0	0
chrX	41892626	0	5	0	0
chrX	41899910	0	0	1	0
chrX	41921531	0	13	0	0
chrX	42098953	210	0	0	0
chrX	42128522	0	0	0	1
chrX	42894141	0	1	0	0
chrX	42917700	0	1	0	0
chrX	42994802	0	0	1	0
chrX	43197329	1	0	1	0
chrX	43569248	0	0	0	1
chrX	44080784	1	0	0	0
chrX	44486223	0	1	0	0
chrX	44536142	0	0	0	1
chrX	44536192	1	0	0	0
chrX	44542049	0	0	14	21
chrX	44569690	0	0	0	1
chrX	44629313	1	0	0	0
chrX	44741495	0	0	3	0
chrX	44741819	0	0	8	0
chrX	44801955	0	0	0	2
chrX	44801962	0	0	0	2
chrX	44808002	0	0	0	1
chrX	44848952	0	0	0	1
chrX	44849029	0	0	1	0
chrX	44869908	1	0	1	0
chrX	44877906	0	0	0	1
chrX	44878664	0	1	0	0
chrX	44880782	1	0	0	0
chrX	44886442	0	0	0	1
chrX	44888195	0	0	0	1
chrX	44892585	2	0	3	0
chrX	44894017	3	0	3	0
chrX	44896215	0	0	0	1
chrX	44905955	1	0	1	0
chrX	44907505	0	0	1	1
chrX	44907610	0	4	9	0
chrX	44917330	0	1	0	1
chrX	44922406	17	0	35	0
chrX	44929417	0	3	0	4
chrX	44933465	0	15	19	0
chrX	44935047	3	1	0	0
chrX	44939763	1	1	0	0
chrX	44952696	0	1	0	0
chrX	44967339	2	0	0	1
chrX	44968642	4	0	7	0
chrX	44969456	0	1	0	0
chrX	44969503	0	4	0	1
chrX	44980225	1	0	1	0
chrX	44989987	1	0	0	0
chrX	44992478	0	67	0	39
chrX	45006346	1	0	0	0
chrX	45006687	0	1	0	0
chrX	45008363	1	0	0	0
chrX	45009660	0	0	1	0
chrX	45012670	1	0	0	0
chrX	45028205	0	0	1	0
chrX	45032579	1	0	0	0
chrX	45039731	0	24	0	0
chrX	45039803	0	48	0	0
chrX	45043305	1	0	0	0
chrX	45052972	0	0	1	0
chrX	45058323	2	0	0	0
chrX	45061546	0	8	0	11
chrX	45061702	53	0	92	0
chrX	45061862	0	24	0	5
chrX	45068502	1	0	0	0
chrX	45073979	0	0	1	0
chrX	45086101	0	0	1	0
chrX	45088893	0	2	0	0
chrX	45089451	3	0	1	0
chrX	45092605	1	0	0	0
chrX	45093955	0	2	0	0
chrX	45106712	0	1	0	0
chrX	45119408	0	1	0	0
chrX	46440147	2	0	0	0
chrX	46463620	5	0	0	0
chrX	46477018	1	0	0	0
chrX	46479989	0	0	5	0
chrX	46502140	0	1	0	0
chrX	46512482	0	2	0	0
chrX	46516921	0	4	0	0
chrX	46520755	0	0	1	0
chrX	46534800	0	0	2	0
chrX	46535491	0	0	0	1
chrX	46540775	0	0	6	0
chrX	46540924	0	3	0	0
chrX	46541021	1	0	0	0
chrX	46546548	0	6	0	0
chrX	46550428	0	0	0	1
chrX	46578404	0	0	6	0
chrX	46578805	1	0	0	0
chrX	46584462	0	0	3	0
chrX	46585376	1	0	2	0
chrX	46591804	0	1	0	0
chrX	46594830	1	0	0	0
chrX	46595883	0	0	2	0
chrX	46595925	0	0	0	2
chrX	46596666	0	3	0	0
chrX	46599693	0	0	69	0
chrX	46602480	0	0	4	0
chrX	46605263	1	0	0	0
chrX	46608300	0	0	1	0
chrX	46616202	0	8	0	0
chrX	46620569	0	2	0	0
chrX	46626534	0	0	0	2
chrX	46642527	0	0	2	0
chrX	46646731	0	1	0	0
chrX	46651709	0	0	1	0
chrX	46654188	3	0	0	0
chrX	46661117	0	0	0	2
chrX	46661935	1	0	0	0
chrX	46680160	0	2	0	0
chrX	46683065	0	13	0	0
chrX	46683343	7	0	0	0
chrX	46698580	0	0	1	0
chrX	46700427	0	1	0	0
chrX	46700478	0	1	0	0
chrX	46703490	0	3	0	0
chrX	46706911	0	0	4	0
chrX	46712049	0	0	0	1
chrX	46723066	22	0	0	0
chrX	46816472	1	0	0	0
chrX	46853974	1	0	0	0
chrX	46865704	0	0	0	1
chrX	46876418	1	0	0	0
chrX	46936000	0	2	0	0
chrX	47006728	0	0	0	1
chrX	47031235	0	0	1	0
chrX	47050008	1	0	0	0
chrX	47082465	0	0	0	1
chrX	47129515	0	0	1	0
chrX	47162677	0	0	2	0
chrX	47168409	0	0	0	4
chrX	47207038	0	14	3	0
chrX	47219020	1	0	0	3
chrX	47222130	1	0	0	0
chrX	47229836	23	0	0	99
chrX	47338023	1	0	0	0
chrX	47367544	0	0	1	0
chrX	47367585	0	0	0	1
chrX	47371889	2	0	0	0
chrX	47386783	0	0	0	1
chrX	47397328	0	2	0	0
chrX	47438224	0	3	0	0
chrX	47438258	0	0	3	0
chrX	47443147	0	2	0	0
chrX	47449469	0	0	0	17
chrX	47450406	0	0	0	2
chrX	47458787	0	0	4	0
chrX	47459137	0	0	1	0
chrX	47459149	0	0	0	2
chrX	47459785	2	0	0	0
chrX	47461341	0	0	8	0
chrX	47464128	0	0	2	0
chrX	47464268	0	1	0	0
chrX	47474703	0	1	0	0
chrX	47476806	0	2	0	0
chrX	47481173	0	1	0	0
chrX	47482422	0	0	1	0
chrX	47483521	0	5	0	0
chrX	47490608	0	0	1	0
chrX	47557216	0	0	1	0
chrX	47560580	1	0	0	0
chrX	47562002	0	0	0	3
chrX	47562509	1	0	0	0
chrX	47585480	0	2	0	0
chrX	47585586	0	624	0	1
chrX	47632146	0	9	0	0
chrX	47660596	0	0	0	2
chrX	47661656	0	0	0	7
chrX	47803573	0	0	2	0
chrX	47803801	1	0	0	0
chrX	47834743	0	0	6	0
chrX	47840788	0	0	1	0
chrX	47840797	0	1	0	0
chrX	47840799	0	0	0	1
chrX	47848147	1	0	0	0
chrX	47849277	0	1	0	0
chrX	47849816	1	0	0	0
chrX	47858960	0	0	0	8
chrX	47860731	0	0	22	0
chrX	47861442	0	0	1	0
chrX	47862304	5	0	0	0
chrX	47882847	0	3	0	0
chrX	47883852	0	1	0	0
chrX	47891019	1	0	0	0
chrX	47913182	0	0	1	0
chrX	47913452	0	0	4	0
chrX	47914996	0	0	2	0
chrX	47917682	0	0	1	0
chrX	47922093	0	0	2	0
chrX	47934928	0	0	0	1
chrX	47938965	0	0	0	1
chrX	47961577	0	0	0	1
chrX	47965738	0	0	0	2
chrX	47965758	0	0	1	0
chrX	47978539	2	0	0	0
chrX	48003589	0	6	0	0
chrX	48012697	0	0	0	1
chrX	48013229	0	0	2	0
chrX	48013230	2	0	0	0
chrX	48021298	0	0	1	0
chrX	48029900	0	0	3	0
chrX	48031937	0	1	0	0
chrX	48044266	0	0	1	0
chrX	48045079	6	0	0	0
chrX	48045243	0	3	0	0
chrX	48047589	0	0	1	0
chrX	48055073	0	0	1	0
chrX	48058297	0	0	5	0
chrX	48058298	0	0	5	0
chrX	48069125	0	1	0	0
chrX	48071411	0	0	8	0
chrX	48071422	0	0	0	7
chrX	48072570	0	0	0	8
chrX	48072579	0	8	0	0
chrX	48072677	3	0	2	0
chrX	48073161	0	0	2	0
chrX	48073233	0	0	3	0
chrX	48073315	0	0	1	0
chrX	48075726	0	0	2	0
chrX	48076311	0	0	0	1
chrX	48076920	0	0	8	0
chrX	48078527	0	0	0	3
chrX	48078663	6	0	0	0
chrX	48081706	1	0	0	0
chrX	48082901	1	0	0	0
chrX	48457523	1	0	0	0
chrX	48468993	1	0	0	0
chrX	48483074	0	2	0	0
chrX	48509152	0	0	0	3
chrX	48529462	0	0	4	0
chrX	48542705	0	0	0	1
chrX	48545243	1	0	0	0
chrX	48556521	0	13	0	0
chrX	48557506	0	2	0	0
chrX	48557764	0	0	0	4
chrX	48562353	27	0	0	0
chrX	48563914	3	0	0	0
chrX	48565970	0	0	3	0
chrX	48574075	0	0	3	0
chrX	48575470	0	0	0	1
chrX	48578022	3	0	5668	0
chrX	48578058	6616	0	5	2
chrX	48578119	0	6139	8	1
chrX	48581039	12	0	0	0
chrX	48600891	0	0	0	1
chrX	48600951	0	1	0	0
chrX	48601122	0	0	0	1
chrX	48601473	0	0	1	0
chrX	48601574	0	0	1	0
chrX	48608798	0	0	0	1
chrX	48609209	0	0	2	3
chrX	48675527	0	0	5	0
chrX	48678525	0	0	0	2
chrX	48689702	0	0	0	4
chrX	48690729	0	0	0	1
chrX	48708904	0	0	99	0
chrX	48768767	0	1	0	0
chrX	48902688	8	0	0	0
chrX	48903516	0	3	0	0
chrX	48916570	0	1	0	0
chrX	48917663	0	0	1	0
chrX	48926218	1	0	0	0
chrX	48929022	1	0	0	0
chrX	48929186	0	0	1	0
chrX	48933294	0	1	0	0
chrX	48938306	0	5	0	0
chrX	48938555	1	0	0	0
chrX	48945517	7	0	0	0
chrX	48954266	0	0	0	11
chrX	48978822	0	0	1	0
chrX	48986930	2	0	0	0
chrX	48994855	0	0	0	1
chrX	48996258	0	0	0	1
chrX	49013734	0	0	1	0
chrX	49013826	0	0	0	2
chrX	49013892	0	0	1	0
chrX	49018752	0	1	0	0
chrX	49018813	0	0	0	1
chrX	49022885	0	0	0	1
chrX	49032623	0	0	2	0
chrX	49032663	3	0	0	0
chrX	49035077	1	0	0	0
chrX	49035139	0	0	0	1
chrX	49036499	0	0	0	5
chrX	49041133	0	0	4	0
chrX	49041973	0	0	1	0
chrX	49043986	0	0	1	0
chrX	49056353	0	0	9	0
chrX	49062789	0	0	1	0
chrX	49071510	0	96	0	0
chrX	49073663	3	0	0	0
chrX	49073715	0	6	0	0
chrX	49079178	0	1	0	0
chrX	49087188	0	0	0	1
chrX	49087315	8	0	0	0
chrX	49087319	0	0	0	8
chrX	49090489	0	3	0	0
chrX	49092989	0	0	2	0
chrX	49093134	0	0	4	0
chrX	49096049	9	0	0	0
chrX	49097662	0	0	0	4
chrX	49106911	0	2	0	0
chrX	49107128	0	0	0	27
chrX	49111254	0	19	0	0
chrX	49113316	0	0	1	0
chrX	49121384	0	6	0	0
chrX	49183061	0	0	0	23
chrX	49183204	0	0	0	5
chrX	49183579	0	1	0	0
chrX	49190221	0	1	0	0
chrX	49190797	28	0	0	0
chrX	49190868	0	0	17	0
chrX	49192473	0	0	0	1
chrX	49195351	0	1	0	0
chrX	49203221	0	1	0	0
chrX	49234723	1	0	0	0
chrX	49238815	0	1	0	0
chrX	49240126	0	0	0	3
chrX	49245158	0	1	0	0
chrX	49246763	0	0	2	0
chrX	49268859	0	0	0	1
chrX	49270933	0	0	0	8
chrX	49281453	0	16	0	0
chrX	49283326	0	0	2	0
chrX	49283405	3	0	0	0
chrX	49297929	1	0	0	0
chrX	49623158	0	0	0	1
chrX	49623159	0	0	1	0
chrX	49927764	0	0	1	0
chrX	49931072	0	0	0	1
chrX	50004339	0	0	1	0
chrX	50064155	1	0	0	0
chrX	50073010	1	0	0	0
chrX	50082518	0	0	0	1
chrX	50999070	0	1	0	0
chrX	51846409	2	0	0	0
chrX	51858472	0	0	1	0
chrX	51871391	0	0	0	1
chrX	51882182	0	0	0	1
chrX	51901652	0	25	0	0
chrX	52931833	0	0	1	0
chrX	53088218	0	38	0	0
chrX	53100170	0	0	17	0
chrX	53100333	42	0	1	0
chrX	53100702	0	0	2	0
chrX	53101155	0	0	4	0
chrX	53106051	0	0	0	3
chrX	53118581	0	3	0	0
chrX	53130026	0	1	0	0
chrX	53138943	0	2	0	0
chrX	53139175	0	1	0	0
chrX	53139672	8	0	0	0
chrX	53150353	0	0	0	1
chrX	53161296	1	0	0	0
chrX	53225210	0	1	0	0
chrX	53377585	0	0	0	1
chrX	53385566	0	6	0	6
chrX	53387130	1	0	0	0
chrX	53391103	0	0	0	1
chrX	53395552	0	1	0	0
chrX	53399453	1	0	0	0
chrX	53413055	0	75	0	137
chrX	53415985	0	3	0	0
chrX	53417189	0	23	0	14
chrX	53418165	0	0	0	2
chrX	53421873	0	0	1	0
chrX	53421956	2	0	1	0
chrX	53430674	0	5	0	0
chrX	53433506	0	0	0	1
chrX	53541312	0	1	0	0
chrX	53642536	1	0	0	0
chrX	53656404	0	0	32	0
chrX	53706471	0	1	0	0
chrX	53743539	0	0	2	0
chrX	53803153	0	1	0	0
chrX	53837228	0	0	1	0
chrX	53908269	0	1	0	0
chrX	53937191	0	0	0	5
chrX	53938155	0	0	0	1
chrX	53948208	0	2	0	0
chrX	53949656	0	11	0	0
chrX	53957208	0	0	0	6
chrX	53957227	0	0	6	0
chrX	53957290	0	0	0	2
chrX	53978105	0	1	0	0
chrX	53996713	0	0	10	0
chrX	54035796	0	0	0	4
chrX	54131836	1	0	0	0
chrX	54164035	0	0	0	1
chrX	54184101	0	0	0	3
chrX	54187455	0	0	1	0
chrX	54187510	0	0	0	1
chrX	54190560	0	2	0	0
chrX	54368668	0	1	0	0
chrX	54429574	0	0	1	0
chrX	54439321	8	0	0	0
chrX	54439515	0	0	0	3
chrX	54451920	1	0	0	0
chrX	54500665	0	0	0	1
chrX	54507000	1	0	0	0
chrX	54513270	0	0	0	1
chrX	54533230	34	0	0	0
chrX	54547145	0	0	0	3
chrX	54556623	0	0	2	0
chrX	54563751	0	0	0	18
chrX	54568230	2	0	0	0
chrX	54568516	0	0	1	0
chrX	54569818	10	0	0	0
chrX	54571587	0	70	0	0
chrX	54572801	0	1	0	0
chrX	54581071	1	0	0	0
chrX	54600432	16	0	0	0
chrX	54603119	1	0	0	0
chrX	54606862	1	0	0	0
chrX	54637558	0	0	0	1
chrX	54810072	3	0	0	0
chrX	54810907	0	1	0	0
chrX	54811644	0	3	0	0
chrX	54884666	0	1	0	0
chrX	54884673	0	0	1	0
chrX	54884748	0	0	0	1
chrX	54928081	0	3	0	0
chrX	55006874	0	0	0	2
chrX	55008850	0	11	0	0
chrX	55151939	0	1	0	0
chrX	55153657	4	0	0	0
chrX	55153658	0	0	5	0
chrX	55157818	0	0	0	1
chrX	55673319	1	0	0	0
chrX	55675396	0	3	0	0
chrX	55762848	0	0	0	2
chrX	55915121	0	0	2	0
chrX	55930061	1	0	0	0
chrX	55970546	0	0	2	0
chrX	55994380	1	0	0	0
chrX	55999339	0	5	0	0
chrX	55999377	0	0	17	0
chrX	55999448	0	29	0	0
chrX	56011485	0	0	15	0
chrX	56014914	0	0	69	0
chrX	56021270	1	0	0	0
chrX	56022117	0	0	1	0
chrX	56022295	0	0	0	13
chrX	56024595	0	0	0	2
chrX	56041062	261	0	2	0
chrX	56041314	0	0	17	0
chrX	56041752	0	1	0	0
chrX	56056646	3	0	0	1
chrX	56056666	0	0	0	2
chrX	56056675	0	0	4	0
chrX	56056800	1	0	0	0
chrX	56074037	0	0	0	4
chrX	56078812	1	0	0	0
chrX	56078874	0	0	1	0
chrX	56084615	1	0	0	0
chrX	56092386	0	1	0	0
chrX	56092801	0	15	0	0
chrX	56094738	0	0	5	0
chrX	56094802	0	0	0	6
chrX	56095370	10	0	0	0
chrX	56111492	0	0	4	0
chrX	56112809	0	0	0	3
chrX	56113140	4	0	0	0
chrX	56115077	1	0	0	0
chrX	56127046	0	0	26	0
chrX	56128442	3	0	0	0
chrX	56129572	0	0	1	0
chrX	56132341	9	0	0	0
chrX	56132382	0	11	0	0
chrX	56132596	2	0	0	0
chrX	56133496	0	0	1	0
chrX	56134580	0	3	0	0
chrX	56135632	5	0	0	0
chrX	56135637	4	0	0	0
chrX	56137335	1	0	0	0
chrX	56138330	0	3	0	0
chrX	56138367	3	0	0	0
chrX	56139809	0	0	2	0
chrX	56144978	0	0	1	0
chrX	56170481	0	0	1	0
chrX	56186969	0	0	0	1
chrX	56193124	2	0	0	0
chrX	56196027	2	0	0	0
chrX	56196109	0	0	2	0
chrX	56196317	3	0	0	0
chrX	56205274	0	0	1	0
chrX	56253809	1	0	0	0
chrX	56254183	1	0	0	0
chrX	56266479	0	0	0	1
chrX	56302485	1	0	0	0
chrX	56322728	0	0	1	0
chrX	56373158	0	0	0	1
chrX	56431492	1	0	0	0
chrX	56481762	0	0	1	0
chrX	56481813	0	1	0	0
chrX	56569201	0	0	1	0
chrX	56569467	0	0	0	5
chrX	56574701	1	0	0	0
chrX	56576198	0	0	1	0
chrX	56577358	0	2	0	0
chrX	56577707	0	8	0	0
chrX	56598746	1	0	0	0
chrX	56604554	2	0	0	0
chrX	56606123	0	2	0	0
chrX	56612204	0	0	1	0
chrX	56618756	0	0	0	1
chrX	56621917	0	0	2	0
chrX	56627797	0	1	0	0
chrX	56647647	0	2	0	0
chrX	56668711	0	0	1	0
chrX	56683686	0	0	2	0
chrX	56730318	0	158	0	0
chrX	56735489	0	0	4	0
chrX	56766281	0	1	0	0
chrX	56767876	0	1	0	0
chrX	56800923	0	1	0	0
chrX	56823082	0	1	0	0
chrX	57122588	1	0	0	0
chrX	57190236	0	11	0	0
chrX	57321003	0	0	4	0
chrX	62780088	0	6	0	0
chrX	63347510	0	0	11	0
chrX	63376281	0	0	0	1
chrX	63422554	0	0	1	0
chrX	63466290	0	0	2	0
chrX	63863628	0	0	2	0
chrX	64185353	0	0	36	0
chrX	64267289	0	0	0	9
chrX	64858521	0	1	0	0
chrX	65511099	0	10	0	0
chrX	65626442	0	1	0	0
chrX	65694538	2	0	0	0
chrX	65718682	0	0	46	0
chrX	68068313	0	0	0	1
chrX	68324385	0	1	0	0
chrX	68324421	1	0	0	0
chrX	68324468	0	0	1	0
chrX	68498760	0	0	2	0
chrX	68510833	0	21	0	0
chrX	68524002	0	0	0	1
chrX	68535004	0	2	0	0
chrX	68535452	1	0	0	0
chrX	68540314	0	1	0	0
chrX	68547097	0	0	1	0
chrX	68547803	1	0	0	0
chrX	68566800	0	1	0	0
chrX	68603632	0	3	0	0
chrX	68691968	0	0	1	0
chrX	68691969	0	1	0	0
chrX	68829250	0	0	0	1
chrX	69862750	0	0	1	0
chrX	69937835	0	0	0	2
chrX	70133295	1	0	0	0
chrX	70134006	1	0	0	0
chrX	70136137	0	0	0	1
chrX	70137077	0	11	0	0
chrX	70137595	0	0	54	0
chrX	70137859	5	0	0	0
chrX	70138093	2	0	0	0
chrX	70138480	0	1	0	0
chrX	70139081	0	0	44	0
chrX	70140283	0	0	1	0
chrX	70140984	0	0	5	0
chrX	70141440	0	0	6	0
chrX	70149633	3	0	0	0
chrX	70154660	0	2	0	0
chrX	70155930	0	0	0	8
chrX	70156812	0	6	0	0
chrX	70158543	0	0	18	0
chrX	70158643	0	4	0	0
chrX	70159095	0	0	9	0
chrX	70188849	0	0	1	0
chrX	70215535	0	1	0	0
chrX	70220854	1	0	0	0
chrX	70271155	5	0	0	0
chrX	70273049	0	0	0	1
chrX	70284223	0	0	0	1
chrX	70284228	0	0	0	1
chrX	70284686	2	0	0	0
chrX	70305074	0	4	0	0
chrX	70308934	0	0	3	0
chrX	70312163	1	0	0	0
chrX	70319123	0	2	0	0
chrX	70341930	0	0	3	0
chrX	70345864	0	0	1	0
chrX	70352882	0	0	2	0
chrX	70353789	0	0	0	12
chrX	70359437	0	1	0	0
chrX	70360153	0	0	1	0
chrX	70379067	0	0	2	0
chrX	70382217	0	0	1	0
chrX	70397102	4	0	0	0
chrX	70409386	0	0	0	1
chrX	70411646	4	0	0	0
chrX	70434658	1	0	0	0
chrX	70440327	0	0	1	0
chrX	70456894	0	0	0	1
chrX	70482924	0	0	0	2
chrX	70482926	0	0	0	2
chrX	70487535	0	1	0	0
chrX	70504244	3	0	0	0
chrX	70997508	0	0	0	1
chrX	71024916	1	0	0	0
chrX	71025879	0	0	2	0
chrX	71036324	2	0	0	0
chrX	71050242	0	0	1	0
chrX	71050245	0	0	0	1
chrX	71050246	0	0	1	0
chrX	71056235	0	0	2	0
chrX	71065167	0	3	0	0
chrX	71086878	0	0	3	0
chrX	71108849	0	0	1	0
chrX	71120888	1	0	0	0
chrX	71141423	0	0	0	2
chrX	71156540	2	0	0	0
chrX	71158456	0	0	0	1
chrX	71158679	0	0	0	4
chrX	71158995	0	2	0	0
chrX	71159011	0	0	0	1
chrX	71160028	5	0	0	0
chrX	71160468	0	16	0	0
chrX	71162425	0	0	0	7
chrX	71165556	0	0	0	1
chrX	71168792	1	0	0	0
chrX	71168798	0	0	1	0
chrX	71174850	0	0	1	0
chrX	71183810	0	19	0	0
chrX	71189260	0	0	1	0
chrX	71192629	2	0	0	0
chrX	71193094	0	0	14	0
chrX	71193185	0	0	0	3
chrX	71194792	0	8	0	0
chrX	71195458	7	0	0	0
chrX	71236311	0	2	0	0
chrX	71272523	0	0	0	4
chrX	71272549	0	2	0	0
chrX	71277315	0	0	1	0
chrX	71285438	0	1	0	0
chrX	71288042	0	0	3	0
chrX	71290941	0	0	1	0
chrX	71293358	0	0	1	0
chrX	71294715	0	0	2	0
chrX	71305833	0	1	0	0
chrX	71308039	1	0	0	0
chrX	71314964	0	0	2	0
chrX	71334263	1	0	0	0
chrX	71362425	1	0	0	0
chrX	71366210	1	0	0	0
chrX	71375282	0	0	0	13
chrX	71379622	0	0	1	0
chrX	71399930	0	1	0	0
chrX	71407156	0	0	0	1
chrX	71407627	0	0	2	0
chrX	71410072	0	3	0	0
chrX	71410603	0	0	123	0
chrX	71421171	0	0	4	0
chrX	71424981	0	0	0	1
chrX	71440022	1	0	0	0
chrX	71457314	0	1	0	0
chrX	71462924	0	0	0	3
chrX	71466749	0	0	0	3
chrX	71468774	0	0	0	1
chrX	71471056	3	0	0	0
chrX	71476452	3	0	0	0
chrX	71486686	0	1	0	0
chrX	71502865	2	0	0	0
chrX	71506141	1	0	0	0
chrX	71506285	1	0	0	0
chrX	71506466	0	0	0	1
chrX	71514258	0	0	0	2
chrX	71538847	17	0	0	0
chrX	71549646	0	1	0	0
chrX	71551647	5	0	0	0
chrX	71553936	0	6	0	0
chrX	71556406	0	0	0	4
chrX	71575759	108	0	0	0
chrX	71580766	0	0	1	0
chrX	71589687	0	0	52	0
chrX	71897439	0	0	0	1
chrX	72181757	0	0	78	0
chrX	72181764	0	81	7	0
chrX	72182348	0	0	0	2
chrX	72182420	0	2	0	0
chrX	72184892	0	14	0	0
chrX	72188512	0	1	0	0
chrX	72188556	1	0	0	0
chrX	72190174	0	0	2	0
chrX	72194458	2	0	0	0
chrX	72196871	0	0	0	367
chrX	72210122	0	0	0	4
chrX	72215347	0	0	1	0
chrX	72218497	0	0	0	9
chrX	72225347	0	0	0	1
chrX	72236545	0	0	0	7
chrX	72266957	1	0	1	0
chrX	72272396	253	252	0	0
chrX	72276019	1	0	0	0
chrX	72312081	0	1	0	0
chrX	72319454	0	1	0	0
chrX	72321910	0	1	0	0
chrX	72327447	2	0	0	0
chrX	72327477	0	0	0	5
chrX	72327520	0	7	0	0
chrX	72327742	0	0	1	0
chrX	72329045	0	1	0	0
chrX	72344067	1	0	0	0
chrX	72345882	3	0	0	0
chrX	72350011	1	0	0	0
chrX	72363712	0	2	0	0
chrX	72380874	0	0	0	1
chrX	72382737	0	0	1	0
chrX	72402514	0	0	7	0
chrX	72408791	0	0	0	7
chrX	72411226	25	0	0	0
chrX	72411260	20	0	0	0
chrX	72411275	0	22	0	0
chrX	72416569	0	0	0	14
chrX	72417076	0	0	1	0
chrX	72420627	0	0	0	10
chrX	72426912	2	0	0	0
chrX	72426925	0	2	0	0
chrX	72431515	0	1	0	0
chrX	72439639	0	1	0	0
chrX	72455448	0	0	1	0
chrX	72461697	0	0	0	1
chrX	72466401	0	0	0	1
chrX	72516485	0	0	1	0
chrX	72520992	0	0	0	2
chrX	72524116	0	1	0	0
chrX	72527130	0	0	0	3
chrX	72527954	0	0	0	17
chrX	72530982	0	0	2	0
chrX	72563037	4	0	0	0
chrX	72688131	0	3	0	0
chrX	73627065	0	0	6	0
chrX	73632844	0	1	0	0
chrX	73632958	0	0	0	3
chrX	73635581	0	1	0	0
chrX	73650677	0	0	1	0
chrX	73650992	0	0	1	0
chrX	73658373	0	0	5	0
chrX	73658491	8	0	0	0
chrX	73680516	0	1	0	0
chrX	73692841	0	0	2	0
chrX	73697966	0	1	0	0
chrX	73741013	0	0	1	0
chrX	73761026	0	0	0	10
chrX	73822772	0	0	0	312
chrX	73825905	2	0	0	0
chrX	73826722	0	0	0	11
chrX	73827734	0	0	0	2
chrX	73842620	0	0	2	0
chrX	73842633	0	2	0	0
chrX	73842826	0	0	2	0
chrX	73842859	0	0	0	3
chrX	73847056	1	0	0	0
chrX	73850415	0	0	0	4
chrX	73851306	0	0	4	0
chrX	73891032	1	0	0	0
chrX	73891055	0	0	1	0
chrX	73943741	1	0	0	0
chrX	73944648	4	0	0	41
chrX	73945448	82	0	0	76
chrX	73946124	0	0	3	2
chrX	73946126	0	0	4	0
chrX	73950223	1	0	0	0
chrX	73950906	0	3	0	0
chrX	73954761	0	0	1	0
chrX	73955755	0	2	1	0
chrX	73964501	2	0	0	0
chrX	73966917	0	0	1	0
chrX	73976641	0	12	0	6
chrX	73983250	0	0	0	1
chrX	73986935	0	0	0	1
chrX	73990354	0	19	0	20
chrX	73991704	0	0	0	3
chrX	73992071	1	0	4	0
chrX	73996408	0	3	0	6
chrX	73996409	0	6	0	3
chrX	73997137	0	11	0	3
chrX	74003432	0	6	0	9
chrX	74013310	1	0	0	0
chrX	74015728	0	0	2	0
chrX	74040116	0	0	0	1
chrX	74044652	0	2	0	1
chrX	74047021	0	0	1	0
chrX	74048229	1	0	0	0
chrX	74048347	2	0	0	0
chrX	74048479	1	0	0	0
chrX	74065087	0	0	1	0
chrX	74071896	1	0	0	0
chrX	74076916	1	0	0	0
chrX	74077018	0	0	1	0
chrX	74077019	1	0	0	0
chrX	74094776	0	0	0	1
chrX	74100084	2	0	0	0
chrX	74195023	5	0	0	0
chrX	74205220	0	0	0	1
chrX	74219632	0	0	0	255
chrX	74222249	0	0	0	2
chrX	74222640	0	0	1	0
chrX	74243607	0	0	2	0
chrX	74250659	0	0	0	43
chrX	74252475	7	0	0	0
chrX	74255863	0	3	0	0
chrX	74256453	0	1	0	0
chrX	74259945	0	0	1	0
chrX	74260074	0	0	1	0
chrX	74262082	0	3	0	0
chrX	74264438	0	3	0	0
chrX	74265096	0	4	0	0
chrX	74266517	94	0	0	0
chrX	74268547	0	0	0	3
chrX	74269779	0	1	0	0
chrX	74269858	0	2	0	0
chrX	74269888	0	0	0	2
chrX	74273713	0	2	0	0
chrX	74274946	0	0	2	0
chrX	74275632	0	1	0	0
chrX	74276052	0	0	2	0
chrX	74277159	0	9	0	0
chrX	74278613	0	0	10	0
chrX	74278765	0	0	0	6
chrX	74280128	0	0	0	3
chrX	74281727	0	0	0	10
chrX	74283031	1	0	0	0
chrX	74286648	0	1	0	0
chrX	74287834	0	2	0	0
chrX	74378477	0	1	0	0
chrX	74509946	1	0	0	0
chrX	74562046	0	0	1	0
chrX	74562508	0	0	5	0
chrX	74577577	1	0	0	0
chrX	74586920	0	1	0	0
chrX	74591072	0	0	0	3
chrX	74615112	1	0	1	0
chrX	74737903	0	0	0	1
chrX	74762235	0	4	0	0
chrX	74764068	1	0	0	0
chrX	74770679	1	0	0	0
chrX	74773775	0	0	0	13
chrX	74874310	0	1	0	0
chrX	74874311	1	0	0	0
chrX	74883358	0	0	0	1
chrX	74890596	1	0	0	0
chrX	74891525	0	0	0	5
chrX	74919867	0	0	0	2
chrX	74919869	0	0	0	2
chrX	75035648	8	0	0	0
chrX	75046826	0	0	1	0
chrX	75054907	10	0	0	0
chrX	75056294	1	0	0	0
chrX	75086143	0	0	5	0
chrX	75097048	0	0	18	0
chrX	75114852	0	1	0	0
chrX	75147901	1	0	0	0
chrX	75152722	0	0	0	1
chrX	75160048	0	0	1	0
chrX	75231013	3	0	0	0
chrX	75231148	0	0	0	2
chrX	75287846	3	0	0	0
chrX	75329631	3	0	0	0
chrX	75388449	0	4	0	0
chrX	75742002	1	0	0	0
chrX	75744635	0	0	0	7
chrX	76049936	0	1	0	0
chrX	76049956	1	0	0	0
chrX	76158236	0	0	1	0
chrX	76172309	0	1	0	0
chrX	76175337	0	0	0	1
chrX	76187345	0	0	0	1
chrX	76194185	1	0	0	0
chrX	76194238	4	0	0	0
chrX	76194561	0	4	0	0
chrX	76224600	0	0	0	2
chrX	76234952	0	1	0	0
chrX	76401172	0	0	2	0
chrX	76897982	0	1	0	0
chrX	76898047	0	0	0	1
chrX	76991428	1	0	0	0
chrX	77513083	0	126	0	0
chrX	77765960	0	0	0	13
chrX	77772871	1	0	0	0
chrX	77848657	17	0	0	0
chrX	77889378	1	0	0	0
chrX	77898249	0	0	2	0
chrX	77905578	0	0	0	4
chrX	78107681	0	23	0	0
chrX	78118027	0	1	0	0
chrX	78123857	0	0	1	0
chrX	78123886	0	0	0	1
chrX	78124580	1	0	0	0
chrX	78125517	0	0	1	0
chrX	78129485	0	0	1	0
chrX	78134625	0	0	0	2
chrX	78134938	0	3	0	0
chrX	78138563	0	0	3	0
chrX	78141312	0	0	1	0
chrX	78148014	0	1	0	0
chrX	78170044	1	0	0	0
chrX	78190300	1	0	0	0
chrX	78253835	0	0	0	1
chrX	78258106	0	2	0	0
chrX	78270702	8	0	0	0
chrX	78270958	1	0	0	0
chrX	78271807	0	47	0	0
chrX	78271975	0	0	4	0
chrX	78272820	54	0	1	0
chrX	78272838	0	57	0	1
chrX	78280795	0	1	0	0
chrX	78288942	1	0	0	0
chrX	78289910	0	0	0	3
chrX	78290100	1	0	0	0
chrX	78290102	0	0	0	1
chrX	78299192	0	0	12	0
chrX	78299470	0	0	1	0
chrX	78300073	0	0	1	0
chrX	78304805	0	0	1	0
chrX	78306239	0	0	0	1
chrX	78319113	3	0	0	0
chrX	78319340	0	1	0	0
chrX	78396150	0	1	0	0
chrX	78750489	0	1	0	0
chrX	78944117	1	0	0	0
chrX	78963223	2	19	0	0
chrX	78963963	0	0	2	0
chrX	78981863	2	0	1	0
chrX	78981974	0	0	0	2
chrX	79146487	0	0	2	0
chrX	79147685	1	0	0	0
chrX	79151334	3	0	0	0
chrX	79156949	0	0	4	0
chrX	79156995	0	0	0	2
chrX	79158378	5	0	0	0
chrX	79158504	0	0	0	19
chrX	79158732	0	0	5	0
chrX	79160183	0	1	0	0
chrX	79164107	0	0	1	0
chrX	79164855	0	0	1	0
chrX	79166687	71	0	4	0
chrX	79167605	0	0	1	0
chrX	79167625	1	0	0	0
chrX	79170103	0	1	0	0
chrX	79170139	0	0	0	1
chrX	79170796	1	0	0	0
chrX	79170883	0	0	1	0
chrX	79170974	0	0	0	1
chrX	79170991	0	1	0	0
chrX	79193604	0	0	0	2
chrX	79195814	0	6	1	0
chrX	79196113	0	0	1	0
chrX	79201951	2	0	0	0
chrX	79204041	0	0	1	0
chrX	79218872	0	0	5	0
chrX	79218885	0	3	0	0
chrX	79219539	0	0	2	0
chrX	79219540	0	0	0	2
chrX	79222644	1	0	0	0
chrX	79223012	10	0	0	0
chrX	79223082	0	3	0	0
chrX	79223193	0	1	0	0
chrX	79223200	1	0	0	0
chrX	79245486	0	8	0	0
chrX	79247822	7	0	0	0
chrX	79273330	0	0	1	0
chrX	79279249	0	0	2	0
chrX	79280085	0	0	0	2
chrX	79280102	0	3	0	0
chrX	79283178	0	3	0	0
chrX	79283228	3	0	0	0
chrX	79283330	0	0	2	0
chrX	79289014	0	0	1	0
chrX	79289319	0	0	2	0
chrX	79292166	0	0	2	0
chrX	79292178	3	0	0	0
chrX	79292222	4	0	0	0
chrX	79293584	1	0	0	0
chrX	79293938	2	0	0	0
chrX	79296645	0	0	0	3
chrX	79307949	1	0	1	0
chrX	79307950	0	1	0	1
chrX	79309705	1	0	0	0
chrX	79314882	0	0	0	1
chrX	79318682	1	0	0	0
chrX	79318723	0	1	0	0
chrX	79324516	0	1	0	0
chrX	79380590	0	0	0	1
chrX	79382130	1	0	0	0
chrX	79383379	2	0	0	0
chrX	79386216	0	0	1	0
chrX	79389568	0	0	2	0
chrX	79391515	0	0	1	0
chrX	79392414	0	0	0	1
chrX	79395749	0	0	0	1
chrX	79398476	0	0	3	0
chrX	79402689	0	0	0	2
chrX	79405074	0	0	0	1
chrX	79408432	0	0	0	1
chrX	79411729	0	0	0	1
chrX	79414116	4	0	0	0
chrX	79421844	0	0	0	2
chrX	79434687	0	0	0	1
chrX	79434827	0	0	0	1
chrX	79707322	0	0	0	1
chrX	80000877	0	0	0	1
chrX	80814157	0	1	0	0
chrX	80842558	0	2	0	0
chrX	80846496	0	0	0	1
chrX	80866118	0	0	1	0
chrX	80866167	0	1	0	0
chrX	80872395	0	0	2	0
chrX	81116626	0	1	0	0
chrX	81184836	0	0	0	1
chrX	81201637	0	0	2	0
chrX	81209236	0	10	0	0
chrX	81209513	1	0	0	0
chrX	81211410	0	1	0	0
chrX	81213117	0	0	2	0
chrX	81214566	0	1	0	0
chrX	81214608	0	1	0	0
chrX	81214958	0	0	2	0
chrX	81262908	1	0	0	0
chrX	81264005	1	0	0	0
chrX	81275164	0	0	1	0
chrX	82485669	0	0	1	0
chrX	83636581	0	1	0	0
chrX	84061446	0	1	0	0
chrX	84079759	0	1	0	0
chrX	84122417	1	0	0	0
chrX	84133924	0	0	0	1
chrX	84169697	0	1	0	0
chrX	84259401	0	0	0	1
chrX	84259442	0	0	1	0
chrX	84340387	0	1	0	0
chrX	84395560	0	0	0	1
chrX	84407428	1	0	0	0
chrX	84408787	0	0	0	2
chrX	84409825	26	0	0	0
chrX	84409993	0	9	0	0
chrX	84415745	0	1	0	0
chrX	84431136	0	0	0	6
chrX	84433586	0	2	0	0
chrX	84437016	0	5	0	0
chrX	84437205	0	0	1	0
chrX	84440407	1	0	0	0
chrX	84452415	0	0	0	3
chrX	84452462	0	3	0	0
chrX	84459503	1	0	0	0
chrX	84469012	0	0	5	0
chrX	84469146	0	1	0	0
chrX	84476235	0	9	0	0
chrX	84476364	0	11	0	0
chrX	84481002	0	0	0	1
chrX	84484158	0	0	0	2
chrX	84488646	0	1	0	0
chrX	84490403	0	0	1	0
chrX	84490879	0	2	0	0
chrX	84492604	0	1	0	0
chrX	84493044	0	0	0	3
chrX	84546737	0	1	0	0
chrX	85006822	1	0	0	0
chrX	85026668	0	0	1	0
chrX	85026841	1	0	0	0
chrX	85032470	0	0	0	5
chrX	85070685	0	4	0	0
chrX	85077245	0	0	0	1
chrX	85084404	3	0	0	0
chrX	85087277	0	1	0	0
chrX	85089243	1	0	0	0
chrX	85093808	1	0	0	0
chrX	85100120	0	0	0	1
chrX	85248173	2	0	0	0
chrX	85861279	10	0	9	0
chrX	85861735	0	1	0	0
chrX	85863095	0	1	0	2
chrX	85869414	0	0	0	1
chrX	85871038	0	4	0	2
chrX	85874618	1	0	0	0
chrX	85879093	0	0	1	0
chrX	85879857	0	1	0	0
chrX	85893407	0	1	0	0
chrX	85893604	1	0	0	0
chrX	85895330	5	0	0	0
chrX	85920696	1	0	0	0
chrX	85942299	0	1	0	0
chrX	85942351	0	1	1	0
chrX	85942449	1	0	0	0
chrX	85942518	0	1	0	1
chrX	85943029	0	0	0	1
chrX	85948842	0	0	1	0
chrX	85953049	0	1	0	0
chrX	85953144	0	0	1	0
chrX	85954724	0	0	0	11
chrX	85954790	0	0	4	0
chrX	85961291	4	0	2	0
chrX	85971798	0	0	0	1
chrX	86010231	0	0	0	1
chrX	86010236	0	0	1	0
chrX	86013538	0	1	0	0
chrX	86023338	0	3	0	0
chrX	86023873	2	0	0	0
chrX	86036182	1	0	0	1
chrX	86042550	0	0	0	1
chrX	86445364	0	0	0	1
chrX	86889587	1	0	0	0
chrX	88090489	0	1	0	0
chrX	88090609	0	1	0	0
chrX	88328653	0	0	2	0
chrX	88582703	0	1	0	0
chrX	88901001	0	0	1	0
chrX	89293790	0	0	0	1
chrX	89293864	0	1	0	0
chrX	90039581	0	5	0	0
chrX	90640557	0	0	0	1
chrX	91649640	0	0	1	0
chrX	92113308	0	10	0	0
chrX	92376471	0	0	0	1
chrX	92651316	1	0	0	0
chrX	95971727	0	0	0	6
chrX	96105753	0	1	0	0
chrX	96523454	0	1	0	0
chrX	96741102	3	0	0	0
chrX	96815980	0	0	0	2
chrX	96973960	0	0	0	8
chrX	97046435	0	1	0	0
chrX	97052385	0	0	0	1
chrX	97052413	1	0	0	0
chrX	97058749	0	2	0	0
chrX	97072827	0	0	1	0
chrX	97081502	1	0	0	0
chrX	97081692	0	0	0	5
chrX	97090424	10	0	0	0
chrX	97093654	1	0	0	0
chrX	97104935	1	0	0	0
chrX	97112849	0	0	0	1
chrX	97125293	0	3	0	0
chrX	97144955	0	0	0	1
chrX	97145690	0	0	0	1
chrX	97146133	0	6	0	0
chrX	97148876	0	1	0	0
chrX	97153484	0	0	0	1
chrX	97155192	3	0	0	0
chrX	97155358	0	0	7	0
chrX	97161918	0	1	0	0
chrX	97170267	0	1	0	0
chrX	97179214	0	1	0	0
chrX	97184787	0	0	4	0
chrX	97211178	0	0	2	0
chrX	97269058	0	0	0	2
chrX	97277260	0	5	0	0
chrX	97287885	0	0	4	0
chrX	97300887	0	0	1	0
chrX	97414216	3	0	0	0
chrX	97545278	1	0	0	0
chrX	97548743	1	0	0	0
chrX	97579259	0	1	0	0
chrX	97583203	0	0	3	0
chrX	97583245	3	0	0	0
chrX	97583277	3	0	0	0
chrX	97586477	0	0	0	1
chrX	97600504	0	2	0	0
chrX	97603332	2	0	0	0
chrX	97603448	0	1	0	0
chrX	97603657	0	0	0	2
chrX	97604960	0	0	0	2
chrX	99056433	0	1	0	0
chrX	99198918	0	1	0	0
chrX	100681150	2	0	0	0
chrX	100897383	1	0	0	0
chrX	100909807	0	0	1	0
chrX	100921979	0	0	3	0
chrX	100984679	0	1	0	0
chrX	100991663	0	2	0	0
chrX	101001558	8	0	0	0
chrX	101022413	0	0	1	0
chrX	101024068	1	0	0	0
chrX	101026248	1	0	0	0
chrX	101028862	0	4	0	0
chrX	101029342	0	0	0	1
chrX	101043275	1	0	0	0
chrX	101050673	0	0	11	0
chrX	101050741	4	0	0	0
chrX	101099300	0	8	0	0
chrX	101104670	0	0	5	0
chrX	101114026	2	0	0	0
chrX	101142792	2	0	0	0
chrX	101163277	1	0	0	0
chrX	101178591	2	0	0	0
chrX	101302350	0	1	0	0
chrX	101303810	0	0	1	0
chrX	101309115	2	0	0	0
chrX	101309967	0	0	2	0
chrX	101316890	1	0	0	0
chrX	101317718	0	0	0	1
chrX	101319785	0	0	1	0
chrX	101319804	0	0	0	1
chrX	101319868	0	0	0	1
chrX	101320993	0	0	0	1
chrX	101322913	0	0	1	0
chrX	101342587	1	0	0	0
chrX	101342842	0	0	0	4
chrX	101343710	0	1	0	0
chrX	101343769	0	0	0	1
chrX	101349551	3	353	0	0
chrX	101349693	0	0	1	777
chrX	101358637	6	0	0	0
chrX	101370305	0	0	0	2
chrX	101373868	0	0	1	0
chrX	101376150	0	0	1	0
chrX	101381757	0	0	0	1
chrX	101381767	1	0	0	0
chrX	101383217	2	0	0	0
chrX	101393132	11	0	1	0
chrX	101396916	1	0	0	0
chrX	101397078	0	0	1	0
chrX	101397534	0	1	0	0
chrX	101397655	0	0	0	6
chrX	101411848	0	3	0	0
chrX	101420126	0	0	7	0
chrX	101442697	0	2	0	0
chrX	101443079	0	4	0	0
chrX	101465964	0	0	0	2
chrX	101626444	30	0	0	0
chrX	101627688	0	0	0	47
chrX	101629741	0	0	0	1
chrX	101631568	2	0	0	0
chrX	101640511	0	0	4	0
chrX	102050733	2	0	0	0
chrX	102050749	0	0	2	0
chrX	102603776	0	14	0	0
chrX	102641407	0	0	4	0
chrX	102650145	1	0	0	0
chrX	102673574	0	0	1	0
chrX	102694548	0	1	0	0
chrX	102728654	0	1	0	0
chrX	102773010	0	0	0	6
chrX	102777065	0	0	0	1
chrX	102777334	9	0	0	0
chrX	102777429	0	14	0	0
chrX	102783083	0	1	0	0
chrX	102785596	0	31	0	0
chrX	102789040	0	0	2	0
chrX	102796843	0	0	0	1
chrX	102808823	0	1	0	0
chrX	102819214	0	0	0	2
chrX	102826058	0	0	1	0
chrX	102830033	0	0	1	0
chrX	102830397	0	0	3	0
chrX	102832878	1	0	0	0
chrX	102865755	0	0	0	4
chrX	102865898	0	0	0	2
chrX	102867541	0	0	2	0
chrX	102871309	0	0	0	2
chrX	102882711	0	4	0	0
chrX	102897743	0	6	0	0
chrX	102905635	0	0	2	0
chrX	102938810	4	0	0	0
chrX	102963359	2	0	0	0
chrX	102968547	0	0	1	0
chrX	103216645	19	0	0	0
chrX	103310129	2	0	0	0
chrX	103310666	0	0	0	2
chrX	103482117	0	3	0	0
chrX	103482380	1	0	0	0
chrX	103565759	0	0	1	0
chrX	103587239	0	261	0	0
chrX	103609649	0	350	0	0
chrX	103682778	0	0	1	0
chrX	103909116	0	0	0	7
chrX	103933897	0	0	9	0
chrX	106475213	1	0	0	0
chrX	106475214	0	1	0	0
chrX	106475215	0	0	1	0
chrX	106638326	3	0	0	0
chrX	106649711	0	0	0	1
chrX	106650489	1	0	0	0
chrX	106678916	0	1	0	0
chrX	106679045	1	0	0	0
chrX	106818694	0	0	2	0
chrX	106829859	0	0	1	0
chrX	107065063	2	0	0	0
chrX	107066353	0	12	0	0
chrX	107085032	0	0	0	2
chrX	107087743	0	0	2	0
chrX	107129640	0	0	1	0
chrX	107649706	0	0	0	1
chrX	107652837	1	0	0	0
chrX	107669208	1	0	0	0
chrX	107710455	1	0	0	0
chrX	108167579	0	0	2	0
chrX	109603177	0	0	0	2
chrX	109627376	0	3	0	0
chrX	109650486	3	0	0	0
chrX	109670859	0	0	4	0
chrX	109701516	0	1	0	0
chrX	109701525	0	0	1	0
chrX	109724899	0	0	1	0
chrX	109909233	0	0	0	1
chrX	110009888	0	0	3	0
chrX	110009907	0	2	0	0
chrX	110031620	0	0	0	1
chrX	110055186	0	0	1	0
chrX	110070512	0	0	7	0
chrX	110072088	0	0	5	0
chrX	110072093	0	0	5	0
chrX	110072118	0	0	0	6
chrX	110081379	11	0	0	0
chrX	110090356	1	0	0	0
chrX	110150326	1	0	0	0
chrX	110170951	1	0	0	0
chrX	110187649	0	0	2	0
chrX	110187682	0	0	2	0
chrX	110194792	0	2	0	0
chrX	110197268	0	0	1	0
chrX	110200697	0	0	1	0
chrX	110226261	0	0	1	0
chrX	110227268	0	0	0	1
chrX	110232450	0	0	19	0
chrX	110232612	0	69	0	0
chrX	110235861	0	0	0	1
chrX	111683394	1	0	0	0
chrX	111691502	0	0	0	2
chrX	111694530	1	0	0	0
chrX	111702731	0	0	1	0
chrX	111710977	0	0	2	0
chrX	111741204	0	0	0	2
chrX	111741394	6	0	9	0
chrX	111749572	0	0	1	0
chrX	112331417	0	1	0	0
chrX	112763113	0	0	0	1
chrX	112800050	0	0	0	1
chrX	112835898	0	4	0	0
chrX	112839861	0	0	0	1
chrX	112887173	0	0	0	1
chrX	112887287	0	1	0	0
chrX	112900722	0	2	0	0
chrX	112944269	0	0	0	1
chrX	113002536	0	1	0	0
chrX	113113754	1	0	0	0
chrX	113114983	2	0	0	0
chrX	113115023	0	0	1	0
chrX	113215418	0	0	0	1
chrX	114137832	1	0	0	0
chrX	114956567	0	1	0	0
chrX	114956569	0	0	0	1
chrX	115177370	1	0	0	0
chrX	115498565	0	0	1	0
chrX	115561214	0	1	0	0
chrX	115703758	0	0	3	0
chrX	115703783	6	0	0	0
chrX	115881551	0	0	2	0
chrX	115889699	0	0	0	12
chrX	115889710	0	8	0	0
chrX	115890886	0	0	1	0
chrX	115899992	0	0	0	10
chrX	115921444	0	0	0	1
chrX	115938037	0	1	0	0
chrX	115955674	0	7	0	0
chrX	115964084	0	0	1	0
chrX	115964114	1	0	0	0
chrX	115965825	0	1	0	0
chrX	115968297	0	0	82	0
chrX	116010607	0	0	1	0
chrX	117587466	0	1	0	0
chrX	117895100	0	0	1	0
chrX	117895107	0	0	0	1
chrX	117912841	0	1	0	0
chrX	117929496	0	1	0	0
chrX	117943814	0	0	2	0
chrX	118009323	1	0	0	0
chrX	118021047	0	0	0	1
chrX	118108545	0	2	0	0
chrX	118109097	0	1	0	0
chrX	118132889	0	0	1	0
chrX	118133685	0	1	0	0
chrX	118309385	0	0	2	0
chrX	118333645	0	0	0	4
chrX	118333780	0	1	0	0
chrX	118344824	0	4	0	0
chrX	118345081	0	0	0	6
chrX	118357687	0	0	0	2
chrX	118372869	1	0	0	0
chrX	118375375	0	0	8	0
chrX	118377984	0	0	0	45
chrX	118380678	0	0	0	3
chrX	118382228	0	0	2	0
chrX	118391828	0	0	10	0
chrX	118402301	0	5	0	0
chrX	118408055	1	0	0	0
chrX	118431407	2	0	0	0
chrX	118451167	0	0	3	0
chrX	118503776	1	0	0	0
chrX	118506131	11	0	0	0
chrX	118506184	0	0	0	3
chrX	118506302	0	0	0	1
chrX	118531663	0	0	0	1
chrX	118539944	14	0	0	0
chrX	118541562	0	0	1	0
chrX	118544873	0	0	0	7
chrX	118557221	0	1	0	0
chrX	118557640	0	0	0	4
chrX	118561237	0	1	0	0
chrX	118566178	0	0	6	0
chrX	118577213	0	1	0	0
chrX	118666086	1	0	0	0
chrX	118684682	0	0	0	13
chrX	118686589	0	0	1	0
chrX	118688276	0	0	3	0
chrX	118688343	0	2	0	0
chrX	118696001	3	0	0	0
chrX	118702089	0	2	0	0
chrX	118703072	2	0	0	0
chrX	118710716	0	0	1	0
chrX	118722654	0	0	1	0
chrX	118730962	1	0	0	0
chrX	118755201	1	0	0	0
chrX	118791935	1	0	0	0
chrX	118792035	3	0	0	0
chrX	118857676	0	1	0	0
chrX	118857742	0	0	1	0
chrX	118987599	0	1	0	0
chrX	119243645	0	5	0	0
chrX	119250814	0	1	0	0
chrX	119399460	0	0	0	1
chrX	119404286	1	0	0	0
chrX	119404488	0	0	0	2
chrX	119405892	0	0	0	1
chrX	119415704	9	0	0	0
chrX	119423184	7	0	0	0
chrX	119443278	0	0	0	1
chrX	119443845	1	0	0	0
chrX	119444501	0	0	0	1
chrX	119452168	0	0	0	4
chrX	119452405	0	0	7	0
chrX	119454408	0	0	0	22
chrX	119523562	0	2	0	0
chrX	119525636	0	0	1	0
chrX	119525970	0	0	1	0
chrX	119528828	0	1	0	3
chrX	119529241	0	0	3	0
chrX	119529250	0	3	0	0
chrX	119531254	0	2	0	0
chrX	119533604	0	0	2	0
chrX	119535938	0	0	8	0
chrX	119536745	0	0	59	0
chrX	119536770	0	0	63	0
chrX	119536898	0	0	0	18
chrX	119538163	0	0	0	4
chrX	119538221	0	25	0	0
chrX	119539437	0	0	0	11
chrX	119547237	0	0	2	0
chrX	119552015	0	2	0	0
chrX	119556439	0	0	0	1
chrX	119556975	0	0	1	0
chrX	119563415	4	0	0	0
chrX	119568219	0	0	0	1
chrX	119568220	0	0	0	1
chrX	119577369	0	11	0	0
chrX	119578042	21	0	0	0
chrX	119584665	0	9	0	0
chrX	119604687	1	0	0	0
chrX	119605528	0	0	1	0
chrX	119622908	0	0	3	4
chrX	119623911	0	3	0	0
chrX	119629443	0	43	0	48
chrX	119630205	0	0	0	1
chrX	119632257	1	0	0	0
chrX	119632478	2	0	1	0
chrX	119633169	3	0	1	0
chrX	119638552	0	0	1	0
chrX	119639624	0	0	1	0
chrX	119639876	0	3	0	7
chrX	119640081	0	16	21	0
chrX	119640874	0	0	0	2
chrX	119642100	7	0	0	4
chrX	119644408	0	1	0	0
chrX	119645822	3	0	2	0
chrX	119645823	0	3	2	0
chrX	119645831	0	3	2	0
chrX	119647005	2	0	0	2
chrX	119647943	2	0	6	0
chrX	119647994	1	0	5	0
chrX	119648669	2	1	0	0
chrX	119649180	0	5	2	0
chrX	119649777	0	0	1	0
chrX	119658556	1	0	5	0
chrX	119660974	0	0	15	0
chrX	119661395	0	1	0	0
chrX	119662388	0	0	4	2
chrX	119663459	0	0	1	0
chrX	119664294	0	1	0	1
chrX	119664626	37	0	49	0
chrX	119668894	1	0	1	0
chrX	119673235	0	5	0	5
chrX	119674322	0	17	0	8
chrX	119678291	0	1	0	3
chrX	119679189	6	0	6	0
chrX	119680451	0	2	0	0
chrX	119680754	1	0	3	0
chrX	119684745	0	58	0	35
chrX	119686557	0	0	5	0
chrX	119687407	0	18	0	3
chrX	119690348	0	1	0	1
chrX	119690583	0	9	0	6
chrX	119692279	1	9	0	0
chrX	119695888	0	0	2	0
chrX	119697303	0	1	0	1
chrX	119707495	1	0	0	0
chrX	119754664	0	0	1	0
chrX	119756916	0	1	0	3
chrX	119757013	1	0	4	0
chrX	119759091	1	0	0	0
chrX	119759174	0	1	0	0
chrX	119762068	0	1	0	0
chrX	119768523	2	0	0	0
chrX	119768646	1	0	0	0
chrX	119769203	0	0	6	0
chrX	119772571	0	1	0	0
chrX	119775554	0	0	0	2
chrX	119779197	1	0	0	0
chrX	119779267	0	0	0	1
chrX	119779290	0	0	1	0
chrX	119779300	1	0	0	0
chrX	119779486	2	0	0	0
chrX	119779548	1	0	0	0
chrX	119785968	0	0	1	0
chrX	119786584	1	4	0	10872
chrX	119786689	28412	0	2	2
chrX	119787265	0	0	1	0
chrX	119787325	0	0	4	0
chrX	119787952	0	0	2	0
chrX	119788472	1	0	0	0
chrX	119789168	0	1	0	0
chrX	119789226	0	0	0	1
chrX	119791218	0	3	0	0
chrX	119792395	9	0	0	0
chrX	119792458	0	11	0	0
chrX	119792489	0	0	6	0
chrX	119794226	2	0	0	0
chrX	119794266	0	0	1	0
chrX	119794281	0	0	0	1
chrX	119795225	0	0	3	0
chrX	119797981	0	0	1	0
chrX	119799276	0	1	0	0
chrX	119805040	1	0	0	0
chrX	119805593	0	4	0	0
chrX	119806282	3	0	0	0
chrX	119809173	0	0	0	1
chrX	119810683	0	6	0	0
chrX	119814952	2	0	0	0
chrX	119815245	1	0	0	0
chrX	119819288	0	0	8	0
chrX	119820049	0	13	0	0
chrX	119823946	0	0	0	3
chrX	119825121	2	0	0	0
chrX	119828085	0	0	7	0
chrX	119828222	0	0	17	0
chrX	119829115	0	2	0	0
chrX	119831890	1	0	0	0
chrX	119834106	0	90	0	0
chrX	119834228	0	0	0	200
chrX	119836974	0	1	0	0
chrX	119837938	0	0	0	37
chrX	119843368	0	3	0	0
chrX	119844108	0	0	0	1
chrX	119844200	0	0	13	0
chrX	119846084	1	0	0	0
chrX	119848056	0	0	0	35
chrX	119848122	0	0	27	0
chrX	119849357	0	1	0	0
chrX	119864416	0	0	1	0
chrX	119881462	0	1	0	0
chrX	119924773	0	0	1	0
chrX	119927625	1	0	0	0
chrX	119932368	0	6	0	0
chrX	119941920	0	0	0	8
chrX	119946663	0	0	0	1
chrX	120199022	0	2	0	0
chrX	120205538	0	0	2	0
chrX	120212499	1	0	0	0
chrX	120229647	0	2	0	0
chrX	120422932	1	0	0	0
chrX	120423478	0	0	0	2
chrX	120423653	2	0	0	0
chrX	120423690	2	0	0	0
chrX	120424067	2	0	0	0
chrX	120428863	0	0	0	1
chrX	120431026	0	0	0	25
chrX	120437203	2	0	0	0
chrX	120441242	0	0	4	0
chrX	120442187	1	0	0	0
chrX	120442783	0	0	1	0
chrX	120452506	0	0	0	1
chrX	120452874	0	0	0	7
chrX	120457280	0	0	0	1
chrX	120526086	0	3	0	0
chrX	120530932	0	1	0	0
chrX	120530961	0	0	0	1
chrX	120535431	0	0	5	0
chrX	120535475	0	0	0	8
chrX	120574106	0	1	0	0
chrX	120599844	0	0	0	1
chrX	120624876	0	2	0	0
chrX	120628859	0	2	0	0
chrX	120684866	1	0	0	0
chrX	121344466	1	0	0	0
chrX	121384553	2	0	0	0
chrX	121739140	0	0	1	0
chrX	121762272	1	0	0	0
chrX	122038301	0	1	0	0
chrX	123132733	1	0	0	0
chrX	123389866	0	1	0	0
chrX	123451060	1	0	0	0
chrX	123663795	15	0	0	0
chrX	123674092	3	0	0	0
chrX	123679961	2	0	0	0
chrX	123692784	0	0	13	0
chrX	123735131	1	0	0	0
chrX	123858502	0	1	0	0
chrX	123858972	0	5	0	0
chrX	123861011	2	0	0	0
chrX	123861754	0	0	0	1
chrX	123862636	10	0	0	0
chrX	123862747	0	0	0	12
chrX	123864699	0	0	21	0
chrX	123865142	0	0	0	6
chrX	123865197	7	0	0	0
chrX	123865720	2	0	0	0
chrX	123865768	0	0	1	0
chrX	123866892	4	0	1	0
chrX	123867927	0	0	0	50
chrX	123867979	33	0	0	0
chrX	123870406	0	0	7	0
chrX	123870656	0	0	0	12
chrX	123870758	4	0	0	0
chrX	123873724	0	5	0	0
chrX	123873865	0	0	0	1
chrX	123879496	0	5	0	0
chrX	123879525	0	0	0	5
chrX	123879889	0	1	0	0
chrX	123879897	0	0	1	0
chrX	123879908	3	0	0	0
chrX	123879911	0	0	2	0
chrX	123880481	0	0	0	4
chrX	123884313	0	0	2	0
chrX	123885267	2	0	0	0
chrX	123894276	0	0	2	0
chrX	123894567	0	47	0	0
chrX	123900661	2	0	0	0
chrX	123911791	0	12	0	0
chrX	123912422	3	0	0	0
chrX	123926617	1	0	0	0
chrX	123926741	0	0	0	1
chrX	123964891	0	0	2	0
chrX	123977391	0	0	0	25
chrX	123977463	0	0	24	0
chrX	123979907	2	0	0	0
chrX	124003713	0	0	0	1
chrX	124015073	0	0	18	0
chrX	124023124	0	0	0	1
chrX	124032169	0	0	1	0
chrX	124053371	0	3	0	0
chrX	124073154	0	0	0	27
chrX	124085641	0	0	8	0
chrX	124090657	8	0	0	0
chrX	124175019	1	0	0	0
chrX	124175060	0	1	0	0
chrX	124182139	0	1	0	1
chrX	124182144	0	1	0	1
chrX	124182145	0	1	1	0
chrX	124587663	0	0	1	0
chrX	124722666	0	0	0	1
chrX	125324880	1	0	0	0
chrX	125842875	0	1	0	0
chrX	126109154	0	0	0	1
chrX	126232709	0	1	0	0
chrX	126805105	0	1	0	0
chrX	127533317	0	0	0	1
chrX	127580529	0	3	0	0
chrX	128217794	0	0	1	0
chrX	129269251	0	0	0	3
chrX	129269266	0	0	0	3
chrX	129269371	0	3	0	0
chrX	129392671	3	0	0	0
chrX	129554744	0	0	0	2
chrX	129554829	0	0	2	0
chrX	129564469	0	0	1	0
chrX	129571720	0	1	0	0
chrX	129578864	1	0	0	0
chrX	129773381	0	0	5	0
chrX	129775561	0	0	0	1
chrX	129775631	0	0	0	1
chrX	129778146	0	0	0	1
chrX	129778862	0	0	8	2
chrX	129778867	0	8	2	0
chrX	129779305	0	0	0	1
chrX	129780406	2	0	0	0
chrX	129780496	0	1	0	0
chrX	129781621	0	2	0	0
chrX	129782198	0	0	1	0
chrX	129794563	0	1	0	9
chrX	129797818	0	1	0	0
chrX	129798002	0	0	2	2
chrX	129799681	0	0	0	1
chrX	129801233	0	0	5	0
chrX	129804982	0	0	0	1
chrX	129805841	0	0	0	2
chrX	129815254	0	0	3	0
chrX	129815878	0	0	1	0
chrX	129999691	0	0	2	0
chrX	130001194	0	0	1	0
chrX	130043916	0	0	0	3
chrX	130054783	0	1	0	0
chrX	130057253	4	0	0	0
chrX	130097045	0	11	0	0
chrX	130101559	5	0	0	0
chrX	130208942	0	15	0	0
chrX	130221831	1	0	0	0
chrX	130223301	0	0	3	0
chrX	130268028	0	0	1	0
chrX	130354335	0	0	1	0
chrX	130624825	0	3	0	0
chrX	130834800	0	0	0	3
chrX	130902592	0	0	0	2
chrX	131123479	0	1	0	0
chrX	131123484	0	1	0	0
chrX	131276991	0	0	1	0
chrX	131298519	0	0	0	1
chrX	131445673	0	0	0	1
chrX	131669891	1	0	0	0
chrX	131669976	1	0	0	0
chrX	131688454	1	0	1	0
chrX	131697063	13	0	0	0
chrX	131699526	0	0	0	5
chrX	131700853	0	2	0	0
chrX	131703106	0	5	0	0
chrX	131712593	4	0	0	0
chrX	131713295	0	0	0	1
chrX	131713449	4	0	0	0
chrX	131713755	4	0	0	0
chrX	131715337	6	0	0	0
chrX	131715589	0	1	0	2
chrX	131720234	0	0	0	1
chrX	131744037	15	0	0	0
chrX	131887263	0	0	2	0
chrX	132024139	0	6	0	0
chrX	132028087	0	0	1	0
chrX	132031181	0	2	0	0
chrX	132033944	1	0	0	0
chrX	132034563	0	0	337	0
chrX	132036732	0	0	1	0
chrX	132217822	1	0	0	0
chrX	132243234	0	3	0	0
chrX	132320403	0	0	0	2
chrX	132356662	1	0	0	0
chrX	132365201	0	4	0	0
chrX	132366521	0	4	0	0
chrX	132384545	0	0	1	0
chrX	132450953	0	0	2	0
chrX	133382156	0	0	0	1
chrX	133389334	0	0	1	0
chrX	133405383	1	0	0	0
chrX	133670112	0	1	0	0
chrX	134377958	1	0	0	0
chrX	134379055	0	0	0	1
chrX	134380297	0	1	0	0
chrX	134403018	0	2	0	0
chrX	134408943	0	0	1	0
chrX	134411135	1	0	0	0
chrX	134420332	0	0	1	0
chrX	134423108	0	0	1	0
chrX	134427212	1	0	0	0
chrX	134436764	0	0	0	27
chrX	134438365	0	0	1	0
chrX	134461832	0	0	1	0
chrX	134499326	16	0	0	0
chrX	134508062	0	0	1	0
chrX	134523319	0	0	4	0
chrX	134536513	1	0	0	0
chrX	134545542	0	0	0	16
chrX	134545882	3	0	0	0
chrX	134547388	1	0	0	0
chrX	134550360	1	0	0	0
chrX	134603559	0	3	0	0
chrX	134605963	0	0	0	1
chrX	134610525	0	0	1	0
chrX	134621369	0	1	0	0
chrX	134714876	0	0	1	0
chrX	134770299	0	0	7	0
chrX	134782061	0	1	0	0
chrX	134838539	1	0	0	0
chrX	134840367	1	0	0	0
chrX	134898345	0	0	1	0
chrX	134903163	1	0	0	0
chrX	134915525	0	0	1	0
chrX	135532888	0	1	0	44
chrX	135712269	0	0	1	0
chrX	135939606	0	0	1	0
chrX	135987845	0	0	1	0
chrX	135991458	0	0	1	0
chrX	136001237	2	0	0	0
chrX	136017184	0	11	0	0
chrX	136038966	2	0	0	0
chrX	136041051	0	0	0	3
chrX	136045293	0	0	1	0
chrX	136140912	0	1	0	0
chrX	136228205	0	0	1	0
chrX	136228626	0	13	0	0
chrX	136503267	0	9	0	0
chrX	136512040	0	159	0	0
chrX	136528252	1	0	0	0
chrX	136727723	0	0	12	0
chrX	136876029	0	0	13	0
chrX	136961284	0	1	0	0
chrX	137325041	0	0	37	0
chrX	137330243	0	1	0	0
chrX	137506960	0	1	0	0
chrX	139608532	0	1	0	0
chrX	139664161	0	0	0	1
chrX	139667331	0	2	0	0
chrX	139670545	1	0	0	0
chrX	139674279	0	0	0	1
chrX	139718974	5	0	0	0
chrX	139723112	0	1	0	0
chrX	139791633	2	0	0	0
chrX	139807732	0	0	0	3
chrX	139838808	0	2	0	0
chrX	139848781	0	0	0	2
chrX	139853663	63	0	1	0
chrX	139866217	29	0	0	0
chrX	139867330	0	0	0	1
chrX	139868097	0	1	0	0
chrX	139869091	0	0	4	0
chrX	139869114	0	0	0	7
chrX	139872003	0	0	0	3
chrX	139874334	3	0	0	0
chrX	139875923	0	1	0	0
chrX	139883407	0	1	0	0
chrX	139884960	0	0	0	2
chrX	139885304	0	0	0	1
chrX	139893961	0	0	2	0
chrX	139899864	1	0	0	0
chrX	139907348	0	0	0	4
chrX	139915957	0	0	0	6
chrX	139917912	0	0	0	16
chrX	139922915	1	0	0	0
chrX	139928678	0	1	0	0
chrX	140033410	0	0	2	0
chrX	140099776	0	1	0	0
chrX	140179747	1	0	0	0
chrX	140210952	1	0	0	0
chrX	141697520	1	0	0	0
chrX	141697521	0	0	1	0
chrX	141697539	0	1	0	0
chrX	141697557	0	0	1	0
chrX	141702767	0	1	0	0
chrX	141702900	1	0	0	0
chrX	142805734	0	0	0	1
chrX	142813709	0	1	0	0
chrX	142813755	0	0	1	0
chrX	142821221	0	1	0	0
chrX	142897651	0	0	0	1
chrX	142921514	0	1	0	0
chrX	142952236	0	0	1	0
chrX	142954268	0	0	0	5
chrX	142954291	0	5	0	0
chrX	143234728	3	0	0	0
chrX	143234758	1	0	2	0
chrX	143883747	0	1	0	0
chrX	143883756	0	1	0	0
chrX	143883757	0	1	0	0
chrX	143883758	0	1	0	0
chrX	144755909	1	0	0	0
chrX	145463251	1	0	0	0
chrX	145533292	0	0	1	0
chrX	146091781	0	1	0	0
chrX	146419219	0	1	0	0
chrX	146618751	0	0	0	1
chrX	147025435	0	0	0	1
chrX	147025500	0	0	1	0
chrX	147917078	0	0	0	2
chrX	147926660	2	0	0	0
chrX	147926701	0	0	0	3
chrX	147946723	0	0	0	2
chrX	147950018	0	0	0	3
chrX	147963583	0	0	2	0
chrX	148052855	0	0	2	0
chrX	148126600	0	0	1	0
chrX	149088094	0	0	0	1
chrX	149223788	4	0	0	0
chrX	149234458	0	0	1	0
chrX	149234624	0	0	4	0
chrX	149234666	0	4	0	0
chrX	149235770	0	0	1	0
chrX	149244722	0	0	1	0
chrX	149421632	0	1	0	0
chrX	149475290	0	0	0	1
chrX	149479801	0	27	0	0
chrX	149480636	0	1	0	0
chrX	149481619	0	4	0	0
chrX	149490395	0	149	0	0
chrX	149498961	0	2	0	0
chrX	149502870	0	0	0	106
chrX	149524377	0	1	0	0
chrX	149524383	0	1	0	0
chrX	149544083	0	0	3	0
chrX	149544091	3	0	0	0
chrX	149544100	3	0	0	0
chrX	149544109	0	3	0	0
chrX	149545838	7	0	1	0
chrX	149546944	77	0	0	0
chrX	149547163	0	0	114	0
chrX	149548352	2	0	0	0
chrX	149608519	0	50	0	0
chrX	149936014	0	0	0	8
chrX	149936066	0	0	6	0
chrX	149997367	8	0	0	0
chrX	149997447	22	0	0	0
chrX	149997454	0	25	0	0
chrX	150115305	0	0	0	2
chrX	150187274	0	0	0	1
chrX	150367576	0	0	0	1
chrX	150549869	1	0	0	0
chrX	150594698	0	0	1	0
chrX	150622138	0	6	0	0
chrX	150636197	0	0	0	1
chrX	150670341	1	0	0	0
chrX	150686592	0	2	0	0
chrX	150695350	0	0	1	0
chrX	150719544	0	3	0	0
chrX	150758213	0	2	0	0
chrX	150758296	3	0	0	0
chrX	150758767	0	0	2	0
chrX	150760795	0	0	0	27
chrX	150766627	0	54	0	0
chrX	150768240	0	0	1	0
chrX	150768525	0	0	3	0
chrX	150788704	1	0	0	0
chrX	150789192	0	0	3	0
chrX	150789225	0	1	0	4
chrX	150789547	0	0	1	0
chrX	150793197	0	0	1	0
chrX	150868966	0	1	0	0
chrX	150876454	0	1	0	0
chrX	150987866	320	0	0	0
chrX	151363134	0	0	1	0
chrX	151363198	0	0	1	0
chrX	151374719	1	0	0	0
chrX	151387058	0	1	0	0
chrX	151397451	1	0	0	0
chrX	151404371	0	0	2	0
chrX	151405927	0	0	86	0
chrX	151406913	0	0	1	0
chrX	151407126	0	4	0	0
chrX	151422730	0	2	0	0
chrX	151424291	0	0	3	0
chrX	151430108	0	1	0	0
chrX	151433428	0	0	3	0
chrX	151456496	0	0	0	2
chrX	151456541	0	0	1	0
chrX	151474780	0	6	0	0
chrX	151501320	0	1	0	0
chrX	151504999	0	1	0	0
chrX	151514685	0	0	0	2
chrX	151515776	0	0	1	0
chrX	151531765	0	2	0	0
chrX	151533312	0	0	1	0
chrX	151533347	0	1	0	0
chrX	152827019	1	0	1	0
chrX	152827242	0	0	0	13
chrX	152850288	0	0	0	1
chrX	152854662	0	0	0	1
chrX	153039106	0	0	1	0
chrX	153039476	0	0	0	1
chrX	153074812	0	0	0	1
chrX	153352621	0	0	19	0
chrX	153430069	0	1	0	0
chrX	153442759	0	0	0	2
chrX	153442854	0	0	3	0
chrX	153453297	0	0	0	2
chrX	153458680	0	3	0	0
chrX	153459195	4	0	0	0
chrX	153459510	0	6	0	0
chrX	153462265	2	0	0	0
chrX	153464618	1	0	0	0
chrX	153599474	0	0	3	0
chrX	153669968	0	0	0	4
chrX	153701385	0	0	0	1
chrX	153716203	0	0	5	0
chrX	153717551	1	0	0	0
chrX	153744403	0	6	0	0
chrX	153791203	0	1	0	0
chrX	153796101	0	0	2	0
chrX	153798632	0	2	0	0
chrX	153798922	0	2	0	0
chrX	153799030	2	0	0	0
chrX	153910800	0	0	1	0
chrX	153911505	58	0	0	0
chrX	153924366	0	0	0	5
chrX	153924420	0	0	2	0
chrX	153929006	1	0	2	0
chrX	153929705	2	0	0	0
chrX	153930468	0	0	1	0
chrX	153931677	0	0	0	5
chrX	153937884	0	1	0	0
chrX	153942472	12	0	0	0
chrX	153950289	1	0	0	0
chrX	153954784	2	0	0	0
chrX	153955513	0	0	0	2
chrX	153961020	0	0	0	1
chrX	153976329	2	0	0	0
chrX	154000277	0	0	2	0
chrX	154003460	0	0	0	4
chrX	154008777	0	3	0	0
chrX	154013378	0	0	44	0
chrX	154019032	0	0	1	0
chrX	154021350	0	0	3	0
chrX	154032983	0	0	5	0
chrX	154034473	0	0	8	0
chrX	154037605	0	0	1	0
chrX	154051703	0	1	0	0
chrX	154054274	0	0	0	1
chrX	154065469	0	0	0	1
chrX	154075609	1	0	0	0
chrX	154077555	0	2	0	0
chrX	154083975	0	0	83	0
chrX	154084547	0	1	0	0
chrX	154090467	0	42	0	0
chrX	154239826	1	0	0	0
chrX	154334108	0	0	1	0
chrX	154348765	0	4	765	0
chrX	154353564	0	0	1	0
chrX	154355140	0	0	0	1
chrX	154356292	0	0	1	0
chrX	154357459	0	3	0	0
chrX	154360960	0	7	0	0
chrX	154363108	0	0	4	0
chrX	154393091	4	0	0	0
chrX	154394242	2	0	0	0
chrX	154394671	1	0	0	0
chrX	154396806	0	9	0	0
chrX	154397685	0	3	0	0
chrX	154398308	0	7	0	0
chrX	154398956	0	2	0	0
chrX	154399645	0	2	0	0
chrX	154409577	0	0	0	2
chrX	154414113	0	33	0	0
chrX	154414600	0	0	13	0
chrX	154414718	0	19	0	0
chrX	154428498	0	0	0	1
chrX	154429112	2	0	0	0
chrX	154430408	0	6	0	0
chrX	154430512	0	0	8	0
chrX	154446064	0	0	1	0
chrX	154447205	0	0	1	0
chrX	154450358	0	0	0	1
chrX	154476372	5	0	0	0
chrX	154477925	0	3	1197	0
chrX	154480379	0	1	0	0
chrX	154496485	0	0	1	3
chrX	154504827	0	1	0	0
chrX	154505291	3	0	0	0
chrX	154506566	0	0	0	63
chrX	154512263	0	0	1	0
chrX	154512266	0	0	1	0
chrX	154512269	0	0	1	0
chrX	154532439	2	0	0	0
chrX	154535277	0	0	0	1
chrX	154538285	1	0	0	0
chrX	154679138	0	0	0	1
chrX	154791839	15	0	0	0
chrX	154796298	0	0	1	0
chrX	154802735	0	1	0	0
chrX	154859777	0	0	1	0
chrX	154860563	0	0	0	1
chrX	154865580	0	0	0	2
chrX	154929926	0	0	1	0
chrX	154930010	0	0	1	0
chrX	155057004	0	0	1	0
chrX	155059935	0	0	0	1
chrX	155073676	0	0	2	0
chrX	155075967	0	0	1	0
chrX	155114661	0	5	0	0
chrX	155117516	0	0	1	0
chrX	155121350	0	0	0	12
chrX	155122975	0	0	144	0
chrX	155124875	0	0	5	0
chrX	155129793	0	1	0	0
chrX	155129873	1	0	1	0
chrX	155223241	0	0	0	3
chrX	155401848	1	0	0	0
chrX	155467163	0	0	0	1
chrX	155740834	0	0	1	0
chrX	155999957	0	12	0	0
chrX	156001951	0	0	1	0
chrX	156006314	1	0	0	0
chrX	156006331	1	0	0	0
chrX	156006350	0	0	0	1
chrX	156008220	1	0	0	0
chrX	156022060	0	2	0	0
chrX	156022335	0	0	0	4
chrX	156022349	0	0	0	4
chrX	156025066	12	0	2	0
chrX	156025084	1	0	13	0
chrX	156025318	0	1	7	0
chrX	156025332	7	0	1	0
chrX	156025488	220	0	2	0
chrX	156025612	0	27	7	0
