X	251157	0	3	0	0
X	251182	0	0	2	0
X	251202	2	0	0	0
X	251218	0	0	0	2
X	251896	0	0	0	1
X	251900	0	0	0	1
X	251940	1	0	0	0
X	251973	1	0	0	0
X	255029	0	0	1	0
X	265561	0	1	0	0
X	265630	1	0	0	0
X	267763	0	0	0	1
X	267819	0	0	2	0
X	279385	5	0	0	0
X	279388	0	0	5	0
X	279402	0	0	0	4
X	279598	0	2	0	2
X	290695	0	1	0	1
X	291610	0	0	3	0
X	299881	0	15	0	4
X	299905	0	11	0	2
X	299999	0	0	2	0
X	300650	1	0	0	0
X	301054	4	3	0	0
X	301213	0	0	2	0
X	301353	3	0	0	0
X	301378	3	0	0	0
X	301393	0	0	2	0
X	302110	0	0	1	0
X	302965	11	21	0	0
X	303476	0	0	3	0
X	303799	2	0	0	0
X	303963	2	0	0	0
X	303965	0	0	0	2
X	303993	0	0	0	1
X	304019	1	0	0	0
X	305038	475	0	394	0
X	305272	0	0	2	0
X	305466	0	1	0	2
X	305543	0	5	4	0
X	305617	4	0	7	0
X	306751	0	1	0	0
X	307322	0	0	49	0
X	308602	0	1	0	0
X	308610	0	0	1	0
X	308996	0	0	0	1
X	311482	0	1	5	0
X	312875	1	0	0	0
X	313732	0	0	0	1
X	314458	0	1	0	0
X	314512	1	0	0	0
X	314652	12	0	4	0
X	314662	0	20	5	0
X	314982	0	12	21	0
X	315161	1	0	0	0
X	315246	0	0	7	7
X	316551	0	0	0	1
X	317355	0	1	1	0
X	317789	0	1	0	1
X	317897	0	0	1	0
X	320908	0	46	0	27
X	321176	0	46	0	93
X	322845	0	21	0	21
X	323002	28	0	0	0
X	323015	0	0	3	21
X	323025	0	1	19	0
X	323044	0	17	0	0
X	323111	1	1	0	0
X	323381	0	0	1	0
X	325483	0	0	2	0
X	325539	0	0	2	0
X	326963	0	0	1	0
X	327100	0	1	0	0
X	334115	4	0	1	0
X	334124	0	4	0	0
X	334220	0	1	0	0
X	334400	19	0	30	0
X	334454	0	30	40	0
X	337515	0	0	0	1
X	341791	0	0	1	0
X	345034	1	0	0	0
X	347816	0	1	0	0
X	347830	0	1	0	0
X	364402	0	0	1	0
X	383453	5	0	2	0
X	385641	4	6	0	0
X	388547	1	0	0	0
X	390985	2	0	0	0
X	395998	0	0	1	0
X	400731	0	0	0	1
X	405621	0	0	1	2
X	405658	0	2	0	7
X	405889	0	7	0	15
X	405939	4	0	8	0
X	406665	2	0	0	0
X	409487	0	1	0	0
X	411762	1	0	0	1
X	412992	1	0	1	0
X	413431	0	0	0	1
X	416309	0	1	0	0
X	418547	0	0	1	0
X	418552	0	0	1	0
X	418639	0	1	0	0
X	418918	0	2	0	0
X	418969	0	0	0	1
X	419609	0	0	2	0
X	433332	0	1	0	2
X	433348	0	1	0	1
X	433361	0	0	1	2
X	433439	0	2	1	0
X	433445	0	2	0	0
X	433541	0	0	1	0
X	433572	1	0	0	0
X	436270	1	0	0	0
X	436277	0	0	1	0
X	588756	0	0	0	1
X	588773	1	0	0	0
X	791197	0	1	0	0
X	879206	0	0	1	0
X	879264	0	0	0	1
X	964639	0	0	1	0
X	964672	0	0	0	1
X	964687	0	0	1	0
X	964690	1	0	0	0
X	964786	1	0	0	0
X	964793	0	0	1	0
X	969209	0	0	1	0
X	969261	0	0	1	0
X	969283	1	0	0	0
X	969508	3	0	0	0
X	969623	0	1	0	4
X	969675	4	0	1	0
X	973463	0	1	0	0
X	990621	1	0	0	0
X	991691	0	3	0	1
X	991766	0	2	2	0
X	993930	1	0	0	0
X	994033	0	3	1	0
X	995955	0	0	2	1
X	998723	0	0	1	0
X	1008653	0	0	0	1
X	1025683	0	1	1	0
X	1027672	0	1	0	0
X	1028111	1	0	0	0
X	1137702	0	1	0	0
X	1202858	0	0	1	0
X	1214289	0	0	0	1
X	1217271	1	0	0	0
X	1242053	0	1	0	0
X	1243320	0	0	4	0
X	1243437	0	2	0	0
X	1244111	0	0	1	0
X	1272853	0	1	0	0
X	1272905	0	0	1	0
X	1273759	0	0	0	1
X	1284197	0	0	0	7
X	1319121	1	0	0	0
X	1319134	0	1	0	0
X	1331550	0	0	0	2
X	1331581	0	0	2	0
X	1331609	0	1	0	0
X	1336450	0	0	1	0
X	1338404	0	0	0	1
X	1339614	1	0	0	0
X	1340750	1	0	0	0
X	1340854	0	1	0	1
X	1341602	1	0	3	0
X	1341661	4	0	0	0
X	1341724	0	0	1	0
X	1342099	0	1	0	0
X	1342166	0	1	0	0
X	1343666	0	1	0	0
X	1344084	1	0	0	0
X	1345198	0	0	1	0
X	1345928	0	1	0	0
X	1346270	0	1	3	0
X	1346295	0	3	0	2
X	1346364	0	0	2	0
X	1346371	2	0	0	0
X	1346644	1	0	3	0
X	1347276	0	0	0	1
X	1347587	0	1	1	0
X	1349243	0	0	1	0
X	1349888	0	2	4	0
X	1350200	2	0	2	0
X	1351909	0	1	0	1
X	1352044	0	3	0	0
X	1356428	6	0	1	0
X	1356541	1	0	3	0
X	1357679	0	0	1	0
X	1358590	0	1	0	0
X	1360057	9	0	3	0
X	1360549	0	0	8	12
X	1360723	26	0	0	17
X	1361343	37	0	21	0
X	1361622	34	0	17	0
X	1361666	9	2	0	20
X	1363126	0	1	0	0
X	1363382	0	1	0	0
X	1363512	0	2	0	2
X	1363558	0	2	1	0
X	1368688	0	1	0	0
X	1378138	1	0	0	0
X	1385385	12	0	17	0
X	1385821	1	0	8	0
X	1385971	26	0	76	0
X	1389431	26	0	53	0
X	1390681	0	0	1	0
X	1391152	2	0	2	0
X	1391813	0	0	1	0
X	1392191	0	1	0	0
X	1392611	0	0	0	1
X	1393128	0	1	2	0
X	1393383	0	1	0	0
X	1393645	0	1	4	0
X	1393647	4	0	1	0
X	1394377	0	1	0	0
X	1395240	0	1	0	0
X	1395925	1	0	2	0
X	1397204	0	13	0	1
X	1398746	0	10	0	0
X	1398834	28	0	1	0
X	1398872	0	4	17	0
X	1398936	0	0	3	6
X	1398949	0	6	0	3
X	1398964	0	4	0	3
X	1398965	4	0	4	0
X	1398969	4	0	6	0
X	1399036	0	26	0	18
X	1399045	0	21	0	27
X	1399174	0	103	52	0
X	1399284	57	0	39	0
X	1399369	0	4	0	10
X	1399626	0	2	0	3
X	1399777	8	0	11	0
X	1399781	2	0	17	0
X	1399815	0	6	0	2
X	1399839	0	0	6	0
X	1399865	3	0	0	0
X	1399885	0	3	0	0
X	1399912	0	0	0	2
X	1400114	1	0	1	0
X	1400131	0	1	1	0
X	1400261	0	0	0	1
X	1400285	0	1	1	0
X	1400431	0	0	0	2
X	1400467	0	1	0	0
X	1400694	0	0	0	2
X	1400981	0	1	0	0
X	1401001	1	0	0	0
X	1401031	0	1	0	0
X	1401205	0	0	0	1
X	1401261	0	1	0	0
X	1401266	0	0	1	0
X	1401290	0	0	1	0
X	1401345	1	0	2	0
X	1401387	0	1	0	2
X	1401443	0	0	2	1
X	1401494	0	0	1	0
X	1403432	0	28	0	73
X	1403690	0	1	0	1
X	1403776	0	0	1	0
X	1403898	0	1	2	0
X	1403964	0	1	0	1
X	1404345	1	0	0	0
X	1404545	0	1	0	2
X	1404860	0	0	0	1
X	1404915	0	0	3	0
X	1404926	0	0	0	3
X	1405206	4	0	0	0
X	1405213	4	0	0	0
X	1405221	0	0	2	0
X	1405457	0	4	0	1
X	1405461	0	0	1	4
X	1405649	0	5	3	0
X	1405761	1	2	0	0
X	1405837	0	0	3	0
X	1405972	0	0	1	0
X	1405976	1	0	0	0
X	1405983	1	0	0	0
X	1406519	0	1	0	0
X	1406767	0	0	3	3
X	1407070	3	0	0	0
X	1407397	0	0	0	1
X	1407523	17	0	0	0
X	1407531	0	0	0	14
X	1407587	20	0	18	0
X	1407723	0	15	0	4
X	1407818	0	0	1	0
X	1411017	0	7	1	0
X	1411877	1	0	3	0
X	1412107	19	0	15	0
X	1412291	1	0	2	0
X	1412652	0	1	0	2
X	1412665	0	2	0	1
X	1412676	0	0	2	1
X	1412807	3	0	0	11
X	1415573	0	0	0	1
X	1415698	4	0	0	1
X	1416000	0	0	1	0
X	1419060	0	1	0	1
X	1420176	0	4	0	10
X	1420630	0	3	0	1
X	1420837	0	0	1	0
X	1421109	13	0	2	0
X	1421639	0	1	0	2
X	1423113	0	10	0	15
X	1423209	0	5	0	7
X	1423259	0	3	0	6
X	1423484	1	0	5	0
X	1424939	1	0	0	0
X	1424964	3	0	0	0
X	1425068	0	3	0	0
X	1425142	0	0	2	0
X	1425191	2	0	0	0
X	1425241	0	3	1	0
X	1425379	26	28	0	0
X	1425429	1	33	39	0
X	1425440	0	39	0	36
X	1425544	0	0	21	18
X	1425649	0	6	0	2
X	1425778	0	0	1	0
X	1425853	0	0	0	1
X	1425946	2	0	0	0
X	1425991	0	3	0	0
X	1426159	2	0	0	0
X	1426220	0	0	0	1
X	1426722	1	0	2	0
X	1426794	0	1	0	4
X	1426891	0	0	2	0
X	1427402	2	0	0	0
X	1427477	2	0	0	0
X	1427899	1	0	2	0
X	1427983	1	0	1	0
X	1428100	1	3	0	0
X	1432077	0	0	1	0
X	1432234	0	0	2	0
X	1432783	0	1	0	0
X	1434528	0	2	0	0
X	1435249	0	0	0	2
X	1435278	0	2	0	0
X	1435363	0	2	0	0
X	1436311	0	0	0	1
X	1437502	0	0	2	0
X	1438059	0	1	0	0
X	1438158	0	0	1	0
X	1438381	0	0	2	0
X	1438387	0	0	0	2
X	1438411	0	2	0	0
X	1438414	0	2	0	0
X	1439645	1	0	0	0
X	1440150	3	0	0	0
X	1441747	0	1	0	1
X	1444715	0	0	1	3
X	1445020	0	2	0	0
X	1448879	1	0	0	0
X	1451826	3	0	0	0
X	1452478	0	1	0	1
X	1452614	0	0	3	0
X	1456689	0	1	0	0
X	1456896	0	3	0	0
X	1456926	0	0	0	5
X	1457426	0	0	1	0
X	1457538	0	1	0	0
X	1458374	1	0	0	0
X	1460980	0	4	0	4
X	1461393	0	0	2	0
X	1461418	1	0	0	0
X	1461645	15	0	9	0
X	1461657	0	14	0	5
X	1461666	14	0	5	0
X	1461707	0	17	0	9
X	1461745	0	0	13	9
X	1466186	0	2	0	0
X	1466418	0	0	1	0
X	1466607	0	1	0	0
X	1467971	1	0	0	0
X	1470085	0	0	2	0
X	1471554	20	0	23	0
X	1472308	0	1	4	0
X	1478606	1	0	0	0
X	1478675	0	2	0	0
X	1478770	0	0	1	2
X	1478792	0	1	0	2
X	1478828	2	0	1	0
X	1478856	2	0	0	0
X	1478898	0	0	0	3
X	1480318	1	0	1	0
X	1480383	0	15	0	1
X	1480420	0	0	6	26
X	1480446	35	0	12	0
X	1480687	13	0	4	0
X	1480752	0	4	0	0
X	1480916	1	1	0	0
X	1480917	1	1	0	0
X	1480942	1	0	1	0
X	1482214	1	0	0	0
X	1482991	0	1	0	0
X	1483088	0	0	2	0
X	1483572	0	3	0	0
X	1484201	0	2	0	1
X	1484492	18	1	0	22
X	1484497	0	23	0	25
X	1494202	0	0	1	0
X	1494697	2	0	0	0
X	1494964	0	14	0	9
X	1495126	0	48	0	45
X	1495461	0	2	0	0
X	1495470	0	0	3	0
X	1496655	0	0	0	1
X	1496759	1	0	1	0
X	1496765	1	0	0	1
X	1496985	0	3	4	0
X	1497119	0	1	0	0
X	1497141	0	0	1	0
X	1497573	6	0	7	0
X	1497598	0	8	0	5
X	1497753	0	0	2	0
X	1498980	2	0	3	0
X	1500060	4	1	7	8
X	1500182	0	2	0	1
X	1500680	0	18	0	6
X	1500694	14	7	0	0
X	1500699	14	0	0	7
X	1501739	2	0	9	0
X	1501743	9	2	0	0
X	1501755	5	0	8	0
X	1502425	2	0	0	0
X	1504641	0	1	0	0
X	1504856	0	0	30	1
X	1504903	0	3	0	33
X	1505007	1	0	19	0
X	1505054	0	0	0	9
X	1506079	6	0	7	0
X	1506815	0	9	0	9
X	1506965	0	11	0	22
X	1506972	10	0	22	0
X	1507017	0	14	4	0
X	1507210	0	1	3	0
X	1509107	0	1	0	0
X	1509978	0	1	0	0
X	1509982	0	1	0	0
X	1511148	0	1	0	0
X	1511158	0	1	0	0
X	1511536	5	0	0	3
X	1511543	4	0	6	0
X	1511988	0	1	0	1
X	1512243	0	25	0	16
X	1515801	2	0	0	0
X	1515830	0	0	2	0
X	1516590	0	1	0	0
X	1521478	0	9	0	11
X	1523364	0	0	4	0
X	1531056	1	0	1	0
X	1531068	1	0	1	0
X	1541376	2	0	0	0
X	1547112	0	1	0	0
X	1547491	0	0	1	0
X	1547663	1	0	1	0
X	1547701	1	0	1	0
X	1548307	0	1	0	0
X	1548345	0	0	1	0
X	1548588	0	1	0	0
X	1549347	0	0	0	1
X	1591035	1	2	0	0
X	1591067	0	0	1	0
X	1594107	0	233	0	248
X	1594128	0	241	0	246
X	1595720	0	0	0	1
X	1605318	0	0	0	1
X	1605650	0	0	1	2
X	1605892	5	0	6	0
X	1607879	0	0	1	0
X	1607901	0	0	1	0
X	1612053	0	1	0	0
X	1626423	0	1	0	0
X	1628063	0	0	1	0
X	1650898	0	1	0	0
X	1660459	0	1	3	0
X	1660613	2	0	12	0
X	1660690	0	10	0	2
X	1660770	0	0	3	0
X	1662011	6	0	1	0
X	1663240	0	0	0	1
X	1664619	1	0	0	2
X	1664846	1	0	0	0
X	1677717	0	0	9	0
X	1678942	0	0	2	0
X	1681022	0	0	5	0
X	1686635	0	1	0	0
X	1687061	0	0	27	0
X	1687494	0	0	0	5
X	1688285	0	2	0	0
X	1688954	1	0	0	0
X	1691070	0	1	0	1
X	1691401	1	0	0	0
X	1691556	0	0	0	1
X	1692396	0	0	7	0
X	1692440	0	0	0	2
X	1693340	0	0	1	0
X	1713008	1	0	0	0
X	1713111	0	0	0	1
X	1714540	0	4	0	0
X	1714870	0	0	1	0
X	1715389	0	2	0	2
X	1715712	0	0	1	0
X	1715714	0	0	1	0
X	1715734	0	0	1	0
X	1715756	0	0	2	0
X	1720863	0	0	1	0
X	1727126	0	0	0	5
X	1728298	0	0	8	0
X	1728947	1	0	0	0
X	1729001	1	0	0	0
X	1729204	0	1	0	0
X	1729480	0	0	1	0
X	1730168	0	0	4	0
X	1730340	0	1	0	0
X	1730679	0	0	3	0
X	1731048	0	0	0	8
X	1731217	0	4	0	0
X	1731617	0	0	2	0
X	1731702	0	0	0	6
X	1731860	0	3	0	0
X	1732361	1	0	6	0
X	1732483	2	0	0	0
X	1737808	1	0	4	0
X	1738487	1	0	0	0
X	1741477	7	0	2	0
X	1742181	1	0	1	0
X	1742239	0	1	0	3
X	1742415	2	0	44	0
X	1742679	1	0	0	0
X	1743023	0	0	1	2
X	1744034	0	0	7	0
X	1744089	0	7	0	0
X	1744213	0	1	0	0
X	1744353	0	1	0	17
X	1745221	0	0	0	6
X	1755829	1	0	1	0
X	1755945	0	4	2	0
X	1758370	1	0	0	0
X	1758496	0	2	0	0
X	1758611	0	0	0	7
X	1759496	1	0	9	0
X	1759597	0	8	0	0
X	1762255	0	1	0	0
X	1762277	0	0	0	1
X	1762797	0	1	0	5
X	1769729	0	0	0	3
X	1772331	0	1	0	0
X	1775210	0	0	3	0
X	1775224	0	0	3	0
X	1776044	0	1	0	0
X	1776069	0	1	0	0
X	1776070	0	1	0	0
X	1780476	0	0	0	1
X	1790542	0	0	3	0
X	1790593	0	2	0	0
X	1804797	0	0	1	0
X	1804815	0	0	0	1
X	1893322	0	0	1	0
X	1893429	0	0	3	0
X	1921014	0	0	1	0
X	1923735	0	1	0	0
X	1941965	0	1	0	0
X	1942145	0	0	2	0
X	1942152	0	0	2	0
X	1942274	0	1	0	6
X	1945306	0	0	1	0
X	2147462	0	0	0	1
X	2169538	0	0	1	0
X	2174190	0	0	1	0
X	2174707	0	0	0	2
X	2188886	0	0	0	1
X	2195750	0	3	0	0
X	2203291	0	1	0	0
X	2203387	0	0	0	1
X	2203414	0	0	0	1
X	2203527	0	1	0	0
X	2203616	0	0	0	1
X	2208248	0	1	0	0
X	2208708	0	4	0	1
X	2211614	0	2	0	0
X	2211825	2	0	0	0
X	2220454	0	0	1	0
X	2221146	62	0	37	0
X	2231524	0	1	0	0
X	2232355	0	5	3	0
X	2233507	1	0	2	0
X	2233715	0	0	1	0
X	2235040	1	0	0	0
X	2236837	1	0	0	0
X	2237804	2	0	2	0
X	2239162	1	0	0	0
X	2239929	0	0	0	1
X	2240836	0	1	0	0
X	2242403	0	0	1	0
X	2242404	0	1	0	0
X	2243110	6	0	4	0
X	2244241	0	0	0	1
X	2247391	0	1	0	0
X	2247539	1	0	0	0
X	2248285	0	0	0	5
X	2248293	0	0	0	5
X	2255231	0	2	0	1
X	2255297	0	1	0	1
X	2256196	0	3	0	3
X	2256347	1	0	3	0
X	2256480	0	4	3	0
X	2256493	0	4	3	0
X	2257100	0	0	0	2
X	2257295	0	0	3	1
X	2257334	0	4	0	0
X	2257930	0	0	1	0
X	2284373	0	1	0	0
X	2293306	0	0	1	0
X	2298456	0	3	0	3
X	2298525	6	0	5	0
X	2298542	6	5	0	0
X	2298950	1	0	0	0
X	2303239	0	1	0	0
X	2306294	0	1	0	0
X	2306596	0	0	3	0
X	2307372	0	1	0	0
X	2313725	0	1	0	2
X	2313733	1	0	2	0
X	2322782	0	0	0	2
X	2322876	0	0	3	0
X	2325001	4	7	0	0
X	2326599	0	0	1	0
X	2327776	0	0	2	0
X	2333651	0	0	1	0
X	2334362	0	0	3	0
X	2334556	0	1	0	0
X	2334572	0	0	1	0
X	2336725	4	2	0	0
X	2336735	0	2	0	4
X	2337972	0	0	0	2
X	2337974	2	0	0	0
X	2339558	1	3	0	0
X	2340519	0	0	0	1
X	2340554	0	1	0	0
X	2340941	0	1	0	0
X	2341890	0	1	0	9
X	2344025	0	1	0	0
X	2348696	1	0	0	1
X	2349517	0	2	0	0
X	2349697	1	0	0	0
X	2349779	0	1	0	1
X	2349789	0	1	0	1
X	2349911	0	0	1	0
X	2358405	0	0	0	1
X	2358420	1	0	0	0
X	2360311	1	0	4	0
X	2372820	0	2	11	0
X	2372840	11	0	2	0
X	2378191	1	0	0	0
X	2378925	2	0	6	0
X	2378951	0	4	0	5
X	2379766	12	0	13	0
X	2380091	0	13	0	1
X	2380919	0	0	0	1
X	2380957	0	1	0	0
X	2380967	0	0	0	2
X	2381085	0	3	0	3
X	2381440	0	1	1	0
X	2384904	1	0	1	0
X	2384921	1	0	1	0
X	2384932	1	0	0	1
X	2385004	1	0	1	0
X	2386905	0	4	0	1
X	2389985	4	8	0	0
X	2390878	0	0	2	0
X	2391891	0	0	0	1
X	2396448	0	0	2	0
X	2396451	0	2	0	0
X	2396481	1	3	0	0
X	2396850	0	3	0	1
X	2397459	1	0	0	0
X	2399001	0	6	0	2
X	2399009	5	2	0	0
X	2400138	0	0	0	2
X	2401612	1	0	2	0
X	2403256	2	0	0	0
X	2408741	0	1	0	0
X	2409920	0	3	2	0
X	2424807	2	0	0	0
X	2431135	0	1	0	0
X	2431802	1	0	0	0
X	2435698	0	0	1	0
X	2438973	0	2	0	0
X	2443733	0	0	1	0
X	2443738	0	0	1	0
X	2443860	1	0	0	0
X	2448531	0	0	0	1
X	2448561	0	0	1	0
X	2448563	0	0	0	1
X	2448571	0	0	1	0
X	2448576	0	0	0	1
X	2448583	0	0	0	1
X	2450921	0	0	0	2
X	2455561	11	0	2	0
X	2459757	0	2	0	0
X	2465433	4	0	0	0
X	2465436	0	4	0	0
X	2465521	14	0	0	0
X	2465600	0	25	0	0
X	2467442	2	0	0	0
X	2467531	3	0	0	0
X	2467555	0	3	0	0
X	2467800	0	5	0	1
X	2467818	0	1	0	2
X	2470243	1	0	0	0
X	2470313	1	0	0	0
X	2470445	0	0	0	1
X	2471522	0	1	0	0
X	2471615	0	0	0	1
X	2471984	0	0	1	0
X	2472032	0	1	0	0
X	2472061	0	0	1	0
X	2472093	0	0	0	1
X	2473290	0	0	1	0
X	2473305	0	1	0	0
X	2473339	0	1	0	0
X	2473343	0	0	1	0
X	2473373	0	0	0	1
X	2473375	1	0	0	0
X	2473378	0	0	0	1
X	2473394	0	1	0	0
X	2473410	1	0	0	0
X	2477280	0	0	3	0
X	2480248	0	0	2	0
X	2480289	1	0	0	0
X	2486650	0	108	138	0
X	2486976	0	0	0	6
X	2487402	0	0	1	2
X	2487511	0	1	0	0
X	2488129	6	2	0	0
X	2488221	4	0	0	0
X	2488332	0	0	50	22
X	2488404	78	35	0	0
X	2488411	0	39	0	73
X	2491717	0	2	0	0
X	2496232	0	0	0	1
X	2500497	0	4	0	0
X	2500513	0	0	0	4
X	2500591	0	0	1	0
X	2501366	0	0	0	1
X	2601548	0	1	0	0
X	2605042	0	0	2	0
X	2605043	0	0	2	0
X	2605088	1	0	1	0
X	2605161	0	1	0	1
X	2605182	0	0	1	1
X	2615882	0	0	0	1
X	2618771	0	1	0	0
X	2636602	5	0	0	0
X	2641805	1	0	0	0
X	2643832	0	0	2	0
X	2644923	0	0	2	0
X	2644986	0	0	5	0
X	2644995	0	5	0	0
X	2645161	0	3	0	0
X	2645790	1	0	0	0
X	2645798	0	0	0	1
X	2645973	0	0	7	0
X	2651376	0	0	1	0
X	2651467	3	0	0	0
X	2651531	2	0	1	0
X	2691676	0	0	1	2
X	2691708	0	1	0	2
X	2691942	0	0	0	1
X	2706040	0	1	0	1
X	2706145	0	0	2	2
X	2707679	0	1	0	0
X	2707881	0	0	2	0
X	2714148	1	0	2	0
X	2716367	0	0	0	1
X	2717087	0	7	0	7
X	2717996	1	1	0	0
X	2718615	0	2	0	0
X	2720777	5	0	6	0
X	2720986	0	0	0	1
X	2721067	0	1	0	1
X	2721119	1	0	1	0
X	2724566	0	7	0	3
X	2728416	2	0	6	0
X	2729608	0	2	0	0
X	2731361	9	0	2	0
X	2732506	0	0	0	1
X	2732523	0	0	0	1
X	2733525	0	15	0	27
X	2735872	1	0	1	0
X	2736419	0	0	1	0
X	2736534	0	0	0	1
X	2742778	4	0	6	0
X	2744852	1	0	5	0
X	2900156	0	0	0	1
X	2904212	0	8	0	0
X	2909360	0	0	2	0
X	3482954	0	1	0	0
X	3590378	2	0	0	0
X	3600436	0	0	1	0
X	3604629	39	0	26	1
X	3604718	0	11	0	11
X	3613717	0	1	0	1
X	3629711	0	3	3	0
X	3661816	0	0	1	0
X	3662261	1	0	1	0
X	3662424	6	0	2	0
X	3662462	5	0	4	0
X	3664336	0	0	2	0
X	3665991	0	0	0	1
X	3666020	0	0	1	1
X	3666248	0	0	4	0
X	3666259	3	0	0	0
X	3671048	0	0	0	1
X	3674684	1	0	0	0
X	3675618	0	0	1	0
X	3685464	0	1	0	0
X	3685474	0	1	0	1
X	3685612	5	0	3	0
X	3685675	0	0	0	3
X	3686423	0	0	1	0
X	3686727	0	0	0	1
X	3693440	1	0	0	0
X	3695532	6	2	0	0
X	3695715	0	1	0	0
X	3695850	0	1	0	0
X	3697720	0	0	10	5
X	3697721	0	0	6	7
X	3697755	0	8	0	8
X	3697767	0	9	0	7
X	3699852	4	0	0	0
X	3700091	4	1	0	0
X	3700894	6	9	0	0
X	3701483	1	0	1	0
X	3811990	0	1	0	0
X	3819419	0	9	0	8
X	3821167	0	4	0	4
X	3827143	9	0	11	0
X	3827693	0	2	0	1
X	3827963	0	0	2	0
X	4043118	0	1	0	0
X	4653618	0	1	0	0
X	5227019	0	0	1	0
X	5736728	0	0	0	1
X	6773381	1	0	0	0
X	6802492	0	1	0	0
X	6823172	0	0	0	1
X	6836203	0	0	0	3
X	6860660	0	3	0	3
X	6896486	1	0	0	0
X	6899096	0	0	0	2
X	6901408	0	2	0	0
X	6911258	0	1	0	0
X	6911420	0	6	0	6
X	6912313	0	0	2	0
X	6927042	1	0	1	0
X	6928179	0	0	0	1
X	6942006	1	0	0	0
X	6947243	3	2	0	0
X	6947318	0	0	0	1
X	6955589	3	0	1	0
X	6958424	0	7	0	0
X	6964446	1	0	0	0
X	6975537	0	1	0	0
X	7004037	0	0	1	0
X	7049925	7	2	0	0
X	7052996	1	0	0	0
X	7230503	0	2	0	0
X	7263564	1	0	2	0
X	7400252	0	0	1	0
X	7405138	0	1	0	0
X	7428293	0	3	0	0
X	7430663	0	3	0	0
X	7439608	0	0	0	1
X	7441058	0	0	0	2
X	7446560	1	0	1	0
X	7472781	0	0	2	1
X	7479415	0	0	2	0
X	7483219	0	0	0	1
X	7920087	0	2	1	0
X	7983097	1	0	0	0
X	8065938	0	2	0	0
X	8091950	14	0	8	0
X	8100861	3	0	0	0
X	8104940	0	2	0	0
X	8104948	0	2	0	0
X	8124197	0	1	0	1
X	8138568	0	0	0	1
X	8153635	0	0	1	0
X	8154973	0	0	1	1
X	8158028	2	0	0	0
X	8158291	0	0	1	0
X	8163401	0	0	1	0
X	8166954	0	0	1	0
X	8179469	1	0	0	0
X	8186870	0	0	0	1
X	8212041	1	0	1	0
X	8220268	0	1	0	0
X	8263629	4	0	1	0
X	8266986	2	0	0	0
X	8276103	0	2	0	0
X	8291250	2	2	0	0
X	8291325	1	0	0	3
X	8291582	1	0	0	0
X	8295056	0	0	1	0
X	8297830	0	1	0	0
X	8302260	0	0	4	0
X	8302425	0	2	0	0
X	8303404	0	0	1	0
X	8309582	0	2	0	0
X	8309708	0	1	0	4
X	8309746	4	0	1	0
X	8309922	0	0	1	0
X	8311817	2	0	1	0
X	8312005	0	1	0	0
X	8312726	0	0	1	0
X	8320810	0	2	0	0
X	8320904	0	1	0	0
X	8321151	0	3	3	0
X	8322638	0	0	0	1
X	8322639	0	0	1	0
X	8331563	1	0	0	0
X	8341452	0	0	0	2
X	8350918	0	1	0	1
X	8378908	3	0	2	0
X	8379051	3	0	0	0
X	8461450	0	0	0	1
X	8609939	0	0	1	0
X	8609943	0	1	0	0
X	9516407	0	2	0	0
X	9516427	0	0	2	0
X	9556195	1	0	0	0
X	9562627	1	0	0	0
X	9570957	5	0	0	0
X	9590075	1	0	0	0
X	9601810	1	0	0	0
X	9636108	0	0	1	0
X	9645524	0	1	0	0
X	9668333	0	1	0	0
X	9673563	2	0	0	0
X	9710000	0	0	0	6
X	9716259	1	0	0	0
X	9950922	1	0	0	0
X	10025223	0	0	1	0
X	10028437	0	0	0	1
X	10036079	1	0	0	0
X	10036116	0	0	1	0
X	10038272	0	1	0	1
X	10038412	0	3	0	0
X	10085259	0	0	20	0
X	10085327	42	0	0	0
X	10085602	1	0	0	0
X	10098320	0	0	1	0
X	10098347	0	1	0	0
X	10162310	0	0	0	3
X	10178512	3	0	0	0
X	10237541	2	0	0	0
X	10346103	0	1	0	0
X	10348895	1	0	0	0
X	10348942	0	1	0	0
X	10693438	0	1	0	0
X	10726104	0	0	1	0
X	10726116	0	0	1	0
X	10733104	0	0	0	1
X	10760911	0	0	1	0
X	10762411	0	5	0	0
X	10762471	4	0	0	0
X	10770616	0	1	0	0
X	10777644	1	0	0	0
X	10777686	3	0	0	0
X	10777834	0	1	0	0
X	10780114	0	0	1	0
X	10790277	0	0	0	2
X	10790304	0	0	1	0
X	10790426	1	0	0	0
X	10860137	0	0	4	0
X	10951537	0	1	0	0
X	11151625	0	0	0	1
X	11192425	0	0	0	1
X	11193861	1	0	0	0
X	11195680	2	0	0	0
X	11195837	0	1	0	0
X	11202701	5	0	0	0
X	11253722	0	2	0	0
X	11326407	0	0	0	2
X	11540027	0	0	2	0
X	11558560	0	0	6	0
X	11567539	1	0	0	0
X	11585915	0	1	0	0
X	11595218	0	1	0	0
X	11650044	2	0	0	0
X	11660251	0	0	0	1
X	11663396	0	0	0	1
X	11664188	0	0	1	0
X	11737417	0	0	0	1
X	11738857	0	1	0	0
X	11759381	5	0	0	0
X	11760352	0	0	0	8
X	11761513	0	0	0	4
X	11766227	0	0	0	1
X	11767314	1	0	0	1
X	11947860	0	0	1	0
X	12817222	0	0	18	0
X	12824264	0	0	8	0
X	12825739	1	0	0	0
X	12868140	0	0	1	0
X	12869199	0	0	0	3
X	12869219	0	0	3	0
X	12869297	0	0	9	0
X	12869504	8	0	98	0
X	12871690	0	1	0	0
X	12876741	0	0	16	0
X	12883443	1	0	0	0
X	12889588	22	0	0	0
X	12890218	1	0	53	0
X	12891725	0	2	0	16
X	12891817	1	0	34	0
X	12892402	0	0	22	0
X	12892500	0	0	10	0
X	12973888	0	1	0	0
X	12978193	0	0	0	2
X	12978636	0	10	45	0
X	12979318	0	5	0	0
X	12979594	0	7	0	3
X	12979687	1	0	0	0
X	12989672	3	0	0	0
X	12992629	0	0	2	0
X	13004590	25	0	9	0
X	13004759	0	5	0	3
X	13009391	0	0	4	13
X	13009516	1	1	0	0
X	13010118	1	0	0	0
X	13015119	0	0	0	3
X	13021150	0	0	1	0
X	13025549	1	0	2	0
X	13045545	0	0	0	1
X	13045848	0	0	0	1
X	13045975	0	1	0	0
X	13075842	0	0	2	0
X	13075856	2	0	0	0
X	13076324	1	0	0	0
X	13088692	3	0	2	0
X	13089941	0	3	0	0
X	13090131	0	0	0	1
X	13098774	1	0	0	0
X	13142462	0	0	0	1
X	13392255	1	0	0	0
X	13578710	1	0	0	0
X	13582344	1	0	0	0
X	13616514	0	0	2	0
X	13666034	0	3	0	0
X	13699409	2	9	0	0
X	13707822	1	0	0	0
X	13713355	7	0	0	0
X	13722839	0	0	1	0
X	13726803	1	0	0	0
X	13740256	1	0	0	0
X	13741340	0	0	0	1
X	13741341	0	0	0	1
X	13754879	0	0	1	0
X	13758921	0	1	0	0
X	13771230	0	0	12	4
X	13779144	0	3	0	0
X	13997692	0	2	0	1
X	14376952	0	1	0	0
X	14682754	2	0	0	0
X	14684155	0	0	2	0
X	14684234	0	0	0	2
X	14684252	0	0	0	2
X	14843163	0	3	0	0
X	14843282	0	0	0	3
X	14852287	2	0	0	0
X	14863555	0	1	0	0
X	14869025	0	13	0	0
X	14883105	0	0	2	0
X	14895696	0	0	1	0
X	15319492	0	0	0	6
X	15319760	26	0	1	0
X	15319880	3	0	0	0
X	15362087	0	1	0	0
X	15382136	0	0	0	1
X	15382137	0	0	1	0
X	15384908	0	0	0	110
X	15396965	0	0	0	2
X	15396987	0	0	2	0
X	15396991	0	2	0	0
X	15397051	0	0	0	2
X	15397461	0	37	0	0
X	15409465	0	0	0	3
X	15425568	0	0	0	10
X	15425787	5	0	0	0
X	15426094	0	0	0	8
X	15428760	0	0	0	4
X	15428836	0	0	0	3
X	15447690	0	2	0	0
X	15453760	0	0	5	0
X	15458312	0	3	0	0
X	15466272	5	0	0	0
X	15484503	0	1	0	0
X	15484606	0	5	0	0
X	15492626	0	0	2	0
X	15675171	0	0	0	1
X	15675734	0	0	0	3
X	15682709	0	1	0	0
X	15682995	0	3	0	1
X	15683622	2	0	0	1
X	15685928	0	0	1	0
X	15687018	0	0	0	4
X	15691078	1	0	0	1
X	15691274	0	5	0	3
X	15691331	0	0	0	3
X	15698322	16	0	9	0
X	15704756	0	1	0	4
X	15711845	0	4	8	0
X	15712135	0	3	0	4
X	15715871	0	0	1	0
X	15718102	0	0	0	1
X	15718122	0	0	0	1
X	15720146	0	0	0	1
X	15725485	0	3	0	0
X	15735898	0	0	0	1
X	15735904	1	0	0	0
X	15735921	0	1	0	0
X	15735923	1	0	0	0
X	15735931	0	0	1	0
X	15752632	0	0	1	0
X	15836777	0	0	1	0
X	15856346	0	2	0	0
X	15893483	0	3	0	3
X	15908089	0	0	0	1
X	15911625	0	2	0	0
X	15921131	0	0	2	0
X	15921236	0	0	0	1
X	15978915	0	0	1	0
X	16452241	0	1	0	0
X	16562666	0	0	1	0
X	16587748	0	0	4	0
X	16588148	0	9	0	0
X	16593230	0	0	0	2
X	16596740	0	2	0	0
X	16662964	1	0	0	0
X	16665904	0	0	1	0
X	16666482	0	0	1	0
X	16666739	0	0	1	0
X	16667268	0	0	0	3
X	16671885	4	0	0	0
X	16674499	3	0	0	0
X	16685596	0	3	0	0
X	16685674	0	5	0	0
X	16709732	0	2	0	0
X	16709753	0	0	2	1
X	16725225	0	0	1	1
X	16732564	2	0	0	0
X	16734342	0	1	0	0
X	16734856	1	0	0	0
X	16739581	28	0	9	0
X	16739587	0	31	11	0
X	16739918	14	0	0	0
X	16739921	0	0	0	15
X	16740289	0	0	0	1
X	16745533	0	1	0	0
X	16754596	0	9	0	1
X	16780397	0	0	0	1
X	16789952	0	0	3	0
X	16812775	0	0	0	4
X	16821792	0	0	0	4
X	16827208	0	0	0	1
X	16842011	0	15	0	2
X	16842130	1	0	4	0
X	16864370	0	1	0	4
X	17737888	1	0	0	0
X	18314868	0	2	0	0
X	18394200	0	0	0	1
X	18465368	0	2	0	0
X	18548670	0	1	0	0
X	18863198	1	0	0	0
X	18897394	0	0	1	0
X	18917539	2	0	0	0
X	18917569	0	0	2	0
X	18917588	1	0	0	0
X	18941544	2	0	0	0
X	18966254	3	0	0	0
X	18966338	0	0	0	5
X	18995893	0	0	2	0
X	19008235	0	0	0	4
X	19148025	1	0	0	0
X	19351848	0	0	0	4
X	19353744	0	0	1	0
X	19353932	0	0	3	0
X	19362592	0	13	0	0
X	19362642	7	0	0	0
X	19365994	0	0	1	0
X	19366497	4	0	0	0
X	19367202	0	0	3	0
X	19368962	0	0	0	1
X	19370168	0	0	0	2
X	19370169	0	2	0	0
X	19370693	0	0	1	0
X	19519952	0	1	0	0
X	19521263	0	0	1	0
X	19526736	0	2	0	0
X	19530260	0	0	0	17
X	19530931	0	0	0	16
X	19538955	0	0	0	2
X	19559865	1	0	0	0
X	19581746	0	0	0	14
X	19595286	0	1	0	0
X	19611378	0	3	0	0
X	19612569	0	0	4	0
X	19624512	0	1	0	0
X	19653898	0	0	0	7
X	19659011	0	0	2	0
X	19659653	9	0	0	0
X	19659856	0	4	0	0
X	19675527	0	0	0	5
X	19678181	1	0	0	0
X	19681074	0	0	0	3
X	19720163	0	0	1	0
X	19728334	0	4	0	0
X	19728640	2	0	0	0
X	19736004	0	0	2	0
X	19736123	0	0	0	3
X	19737121	0	91	0	0
X	19737605	0	0	0	1
X	19737756	2	0	0	0
X	19742331	22	0	0	0
X	19742763	14	0	0	0
X	19742921	0	0	0	2
X	19746586	0	0	2	0
X	19757405	0	0	0	51
X	19760259	0	2	0	0
X	19767073	1	0	0	0
X	19773309	0	0	0	2
X	19776590	2	0	0	0
X	19781220	0	0	0	1
X	19782955	0	1	0	0
X	19788962	0	0	1	0
X	19790000	0	0	0	1
X	19795097	0	0	2	0
X	19803180	0	0	1	0
X	19814785	0	0	0	1
X	19817991	0	0	4	0
X	19819343	3	0	0	0
X	19819551	0	0	0	10
X	19820373	0	0	2	0
X	19827654	1	0	0	0
X	19831430	5	0	0	0
X	19839003	0	0	1	0
X	19848978	0	0	0	4
X	19849266	0	21	0	0
X	19851528	0	0	3	0
X	19878439	0	2	0	0
X	19878507	0	0	0	2
X	19878511	0	0	0	2
X	19878515	3	0	0	1
X	19878517	5	0	0	0
X	19892993	0	0	2	0
X	19922033	0	0	1	0
X	19922660	1	0	0	0
X	19928069	3	0	0	0
X	19932617	0	1	0	0
X	19944905	1	0	0	0
X	19962623	0	1	0	0
X	19983731	0	0	0	1
X	20125252	0	0	1	0
X	20125916	0	17	0	10
X	20126287	4	0	61	0
X	20127177	51	83	0	0
X	20136040	1	0	0	0
X	20136228	0	1	1	0
X	20139749	0	1	0	2
X	20142728	0	0	0	1
X	20155576	0	0	1	0
X	20160508	1	0	0	0
X	20163761	0	0	0	1
X	20178687	0	0	5	0
X	20180223	0	10	0	0
X	20185198	0	8	0	0
X	20186343	0	0	1	0
X	20187738	1	0	0	0
X	20212231	0	11	0	0
X	20223400	0	0	1	0
X	20246079	0	2	0	0
X	20247596	0	6	0	0
X	20442752	1	0	0	0
X	20572876	0	0	0	1
X	20746945	1	0	0	0
X	20784611	0	1	0	0
X	21485887	1	0	0	0
X	21486103	1	0	0	0
X	21627220	0	0	0	2
X	21631314	0	0	1	0
X	21826601	0	2	0	0
X	21843316	1	0	0	0
X	21843508	0	0	2	0
X	21844736	0	0	0	1
X	21859306	2	0	0	0
X	21859763	0	0	17	0
X	21859847	0	24	0	0
X	21859915	0	0	0	16
X	21859919	0	0	0	16
X	21861510	0	0	0	21
X	21861517	0	21	0	0
X	21865482	0	1	0	0
X	21881263	0	0	0	1
X	21885215	0	28	0	0
X	21892365	0	0	0	5
X	21898462	1	0	0	0
X	21911779	0	1	0	0
X	21913331	0	3	0	0
X	21916264	2	0	0	0
X	21922967	0	0	1	0
X	21924573	0	2	0	0
X	21944031	0	0	0	1
X	21944541	2	0	0	0
X	21949817	0	0	2	0
X	21950159	0	0	0	1
X	21950647	0	0	0	15
X	21950665	0	0	13	0
X	21950666	0	0	12	0
X	21950726	0	11	0	0
X	21953009	0	1	0	0
X	21957368	0	12	0	0
X	21957401	0	0	13	0
X	21965662	0	0	1	0
X	21972337	0	1	0	0
X	22009973	0	0	1	0
X	22017851	0	14	0	0
X	22017890	0	0	9	0
X	22018127	0	0	1	0
X	22111394	0	1	0	0
X	22114172	3	0	0	0
X	22114240	0	0	2	0
X	22682656	0	0	0	1
X	22955435	2	0	0	0
X	22955451	2	0	0	0
X	23368879	1	0	0	0
X	23546320	0	1	0	0
X	23546324	1	0	0	0
X	23669735	0	0	2	0
X	23671600	0	0	33	0
X	23673582	2	0	0	0
X	23675871	0	19	0	0
X	23682576	0	0	7	0
X	23683965	1	0	0	0
X	23701436	0	0	0	2
X	23702547	0	0	16	0
X	23704718	0	0	92	0
X	23707746	2	0	0	0
X	23708382	0	2	0	0
X	23708470	0	2	0	0
X	23711148	0	0	1	0
X	23718881	1	0	0	0
X	23721887	0	102	0	0
X	23725180	1	0	0	0
X	23725197	0	0	1	0
X	23727002	1	0	0	0
X	23786938	0	1	0	0
X	23833456	0	0	125	0
X	23834933	1	0	0	0
X	23842154	0	1	0	0
X	23842223	0	2	0	0
X	23878886	0	2	0	0
X	23884651	0	0	0	1
X	23889763	0	0	0	2
X	23889908	7	0	0	0
X	23897932	0	1	0	0
X	23905567	3	0	0	0
X	23975597	0	0	0	1
X	23975603	0	0	0	1
X	23981203	0	0	0	1
X	23984210	0	1	0	0
X	23993881	0	0	0	1
X	23999941	0	1	0	0
X	24000527	0	0	0	2
X	24008966	0	0	0	1
X	24015995	3	0	0	0
X	24019113	0	0	1	0
X	24019212	0	0	0	1
X	24021660	0	2	0	0
X	24040322	0	1	0	0
X	24055644	0	14	0	10
X	24055857	1	0	0	0
X	24063406	0	0	3	3
X	24063496	5	0	4	0
X	24066993	0	0	1	0
X	24068570	0	0	1	0
X	24068602	0	1	0	0
X	24068807	23	0	10	0
X	24069107	0	7	0	3
X	24070835	0	0	6	0
X	24071905	0	1	0	0
X	24073857	5	0	0	0
X	24074587	1	0	0	0
X	24074616	1	0	0	0
X	24075844	0	0	4	1
X	24076926	0	45	0	6
X	24078599	851	0	0	328
X	24080106	1	0	0	0
X	24081480	6	0	6	0
X	24083271	0	0	1	0
X	24092484	1	0	0	0
X	24097881	1	0	0	0
X	24114679	1	0	1	0
X	24148732	0	0	0	1
X	24152496	0	0	2	0
X	24152519	2	0	0	0
X	24154798	0	3	0	8
X	24157340	0	0	1	0
X	24161862	0	8	18	0
X	24164832	0	0	0	2
X	24164880	0	0	0	1
X	24167568	0	0	0	1
X	24168872	25	0	29	0
X	24168904	31	0	26	0
X	24170194	0	1	0	0
X	24173404	0	3	0	0
X	24174733	3	0	0	0
X	24176588	0	6	0	11
X	24176663	0	21	0	7
X	24180602	0	0	0	2
X	24181096	3	1	0	0
X	24188056	0	1	0	1
X	24191947	0	0	2	0
X	24195594	0	0	1	0
X	24195893	2	0	0	0
X	24198695	0	5	0	3
X	24200235	0	0	1	0
X	24204994	0	0	1	0
X	24213951	0	28	15	0
X	24213978	0	16	0	15
X	24215372	0	0	1	0
X	24215792	8	0	0	10
X	24220495	0	25	5	0
X	24225658	2	0	0	0
X	24242818	0	1	0	1
X	24263453	1	1	0	0
X	24465434	0	1	0	0
X	24465826	0	4	0	0
X	24471063	3	0	0	0
X	24475573	0	0	0	1
X	24490943	0	2	0	0
X	24491240	1	0	0	0
X	24496913	0	0	6	0
X	24497142	4	0	0	0
X	24499094	0	0	11	0
X	24499785	15	0	0	0
X	24500166	0	3	0	0
X	24503772	0	1	0	0
X	24512022	0	1	0	0
X	24520789	0	0	1	0
X	24529737	0	1	0	0
X	24531985	1	0	0	0
X	24541154	2	0	1721	0
X	24695200	2	0	0	0
X	24710964	10	0	0	0
X	24725313	0	0	2	0
X	24749102	0	0	7	0
X	24775269	1	0	0	0
X	24794027	0	1	0	0
X	24808169	0	0	0	1
X	24813662	6	0	0	0
X	24813771	0	0	1	0
X	24819718	0	0	1	0
X	24830944	0	1	0	0
X	24866811	0	1	0	0
X	24907564	1	0	0	0
X	24911354	0	0	0	1
X	24920254	0	0	2	0
X	24949522	0	6	0	0
X	24968526	0	0	0	18
X	24975306	6	0	0	0
X	25317853	1	0	0	0
X	25645943	0	12	0	0
X	26910854	0	1	0	0
X	26922094	0	0	1	0
X	27514407	0	1	0	0
X	27514522	1	0	0	0
X	28725173	0	0	1	0
X	28939491	0	1	0	0
X	29366607	0	1	0	0
X	29473404	0	0	1	0
X	29553069	0	8	0	28
X	29554432	0	0	0	2
X	29555438	0	3	3	0
X	30366215	1	0	0	0
X	30473046	0	0	0	1
X	30473063	0	1	0	0
X	30483525	0	0	0	1
X	30483634	0	0	1	0
X	30485513	0	0	0	1
X	30503716	4	2	0	0
X	30515427	0	2	0	3
X	30517091	0	1	0	1
X	30517429	0	0	0	1
X	30527940	0	0	0	2
X	30532304	1	0	0	0
X	30534392	0	0	0	1
X	30541296	0	0	0	6
X	30544889	0	1	0	0
X	30544891	1	0	0	0
X	30545544	0	0	3	0
X	30548033	27	0	3	0
X	30551692	0	0	0	1
X	30557159	0	0	0	1
X	30557812	11	0	0	5
X	30557823	0	12	0	5
X	30558384	0	3	0	14
X	30559231	29	0	0	106
X	30559729	1	3	0	0
X	30562971	0	1	0	0
X	30576760	5	0	0	0
X	30578243	0	0	2	0
X	30579011	0	2	0	0
X	30701239	1	0	0	0
X	30701375	0	0	0	1
X	30702261	0	1	0	0
X	30702378	1	0	0	0
X	30704855	0	1	0	0
X	30704859	0	1	0	0
X	30704870	0	0	1	0
X	30713185	0	0	0	5
X	30727673	4	0	0	0
X	30782976	0	0	1	0
X	30783070	0	0	0	1
X	30783079	0	0	0	1
X	30840446	0	0	0	3
X	30878203	0	1	0	0
X	30887097	0	0	1	0
X	31120472	0	1	0	0
X	31145835	0	0	3	0
X	31149661	0	2	0	0
X	31151117	0	1	0	0
X	31153084	0	2	0	0
X	31162275	0	1	0	0
X	31196567	0	0	7	0
X	31196681	0	9	0	0
X	31222068	0	2	0	0
X	31222309	0	0	2	0
X	31241317	0	0	0	1
X	31245080	1	0	0	0
X	31251338	0	1	0	0
X	31251485	1	0	0	0
X	31259918	0	1	0	0
X	31314141	1	0	0	0
X	31314177	0	0	0	1
X	32051190	1	0	0	0
X	32051307	0	1	0	0
X	32196868	1	0	0	0
X	32418770	0	0	1	0
X	34395713	0	0	0	2
X	34416240	1	0	0	0
X	34934079	0	0	0	1
X	35021362	0	1	0	0
X	35021459	0	0	1	0
X	36294551	0	0	1	0
X	36378697	1	0	0	0
X	36904055	0	0	1	0
X	37578702	1	0	0	0
X	37784087	0	0	4	0
X	37839169	0	0	0	76
X	37839991	7	0	0	1
X	38269285	0	5	0	2
X	38277830	0	10	0	0
X	38282541	0	0	0	1
X	38292792	0	0	2	0
X	38797673	0	0	0	2
X	38798127	0	0	0	2
X	38805087	0	0	2	0
X	38805760	0	0	0	3
X	38815451	1	0	0	0
X	38815619	4	0	0	0
X	38822252	0	0	0	4
X	38830090	0	0	1	0
X	38830311	0	1	0	0
X	38833210	0	1	0	0
X	38845954	0	0	1	0
X	38856258	1	0	0	0
X	38914656	0	0	0	1
X	38933339	0	0	1	0
X	39790423	1	0	0	0
X	39854222	0	0	0	2
X	39854648	0	1	0	0
X	39856344	0	0	2	0
X	39857237	0	0	0	8
X	39873676	3	0	1	0
X	39875049	0	0	1	0
X	40046954	0	0	5	0
X	40047020	0	4	0	0
X	40050482	0	0	2	0
X	40052980	0	0	5	0
X	40054934	0	2	0	0
X	40060084	0	0	0	1
X	40123828	0	0	0	1
X	40124128	0	0	1	0
X	40149889	1	0	0	0
X	40160775	0	0	0	2
X	40160954	0	6	0	0
X	40160980	0	0	0	5
X	40175946	0	0	0	1
X	40200277	0	1	0	0
X	40322769	0	0	1	0
X	40542532	0	0	1	0
X	40583566	0	0	0	8
X	40590415	0	0	1	0
X	40591350	0	0	7	0
X	40600788	0	13	0	0
X	40613815	0	2	0	0
X	40631610	1	0	0	0
X	40631729	0	0	0	3
X	40639757	0	2	0	0
X	40639786	0	0	0	1
X	40642926	0	0	0	2
X	40643833	0	10	0	2
X	40649990	0	2	0	6
X	40661281	0	5	0	1
X	40661418	0	1	0	0
X	40662574	0	0	3	8
X	40668361	0	0	1	0
X	40675118	1	0	0	0
X	40684590	1	0	0	0
X	40698680	1	0	0	10
X	40699873	0	1	0	0
X	40713905	0	0	1	0
X	40714672	7	0	1	0
X	40715607	60	0	488	0
X	40718681	1	0	0	0
X	40736183	0	1	0	0
X	40749435	0	1	0	0
X	40749522	3	0	1	0
X	40935013	0	20	0	0
X	40954487	0	0	1	0
X	41008536	0	2	0	0
X	41100357	0	1	0	0
X	41182262	3	0	1	0
X	41239957	0	0	0	7
X	41239958	0	7	0	0
X	41239966	0	0	0	6
X	41239973	0	0	6	0
X	41239974	0	0	6	0
X	41239975	0	0	6	0
X	41331100	0	1	0	0
X	41332950	0	2	0	0
X	41334803	15	0	3	0
X	41334891	0	0	11	0
X	41336264	0	12	0	2
X	41336662	0	17	0	5
X	41339026	0	0	0	1
X	41339937	0	0	3	0
X	41339977	13	0	0	0
X	41347180	1	0	0	0
X	41356758	0	1	0	0
X	41358187	0	1	0	0
X	41433049	0	0	0	10
X	41433089	0	0	0	5
X	41433676	1	0	0	0
X	41435359	2	0	0	0
X	41440028	0	0	3	0
X	41443152	0	1	0	0
X	41443188	1	0	0	0
X	41446325	0	5	0	0
X	41512924	0	0	1	0
X	41512950	0	0	0	2
X	41513770	0	0	1	0
X	41515144	3	0	0	0
X	41515270	0	1	0	0
X	41533781	0	1	0	0
X	41573410	3	0	0	0
X	41573518	5	0	0	0
X	41590309	0	2	0	0
X	41591110	0	1	0	0
X	41619163	2	0	0	0
X	41640377	0	0	0	4
X	41655208	9	0	0	0
X	41677055	0	1	0	0
X	41678702	0	0	2	0
X	41681899	0	3	0	0
X	41687301	0	1	0	0
X	41687685	0	0	12	0
X	41691045	0	0	2	0
X	41695561	0	0	0	5
X	41698163	0	0	1	0
X	41707994	0	0	0	3
X	41727580	1	0	0	0
X	41728916	0	0	0	1
X	41730577	0	9	0	0
X	41730630	0	7	0	0
X	41730633	7	0	0	0
X	41732950	0	0	1	0
X	41744624	0	0	5	0
X	41749650	0	0	1	0
X	41753780	0	0	1	0
X	41763959	1	0	0	0
X	41770311	0	0	0	1
X	41772123	66	0	1	0
X	41777385	3	0	0	0
X	41784700	0	1	0	0
X	41786666	0	0	0	1
X	41838849	0	0	0	1
X	41888422	0	1	0	0
X	41891211	0	0	4	0
X	41892343	0	5	0	0
X	41892424	0	6	0	0
X	41892626	0	5	0	0
X	41899910	0	0	1	0
X	41921531	0	13	0	0
X	42098953	175	0	0	0
X	42128522	0	0	0	1
X	42894141	1	0	0	0
X	42917700	0	1	0	0
X	42994802	0	0	1	0
X	43197329	1	0	1	0
X	43569248	0	0	0	1
X	44132311	0	0	1	0
X	44486223	0	1	0	0
X	44536142	0	0	0	1
X	44536192	1	0	0	0
X	44542049	0	0	12	21
X	44569690	0	0	0	1
X	44629313	1	0	0	0
X	44741819	0	0	2	0
X	44801955	0	0	0	1
X	44801962	0	0	0	1
X	44869908	1	0	1	0
X	44877906	0	0	0	1
X	44878664	0	1	0	0
X	44880782	1	0	0	0
X	44886442	0	0	0	1
X	44888195	0	0	0	1
X	44892585	2	0	3	0
X	44894017	3	0	3	0
X	44896215	0	0	0	1
X	44905955	1	0	1	0
X	44907505	0	0	0	1
X	44907610	0	4	9	0
X	44917330	0	1	0	1
X	44922406	16	0	35	0
X	44929417	0	3	0	4
X	44933465	0	15	19	0
X	44935047	3	1	0	0
X	44939763	1	1	0	0
X	44952696	0	1	0	0
X	44967339	1	0	0	1
X	44968642	4	0	7	0
X	44969503	0	4	0	1
X	44980225	1	0	1	0
X	44989987	1	0	0	0
X	44992478	0	67	0	39
X	45006346	1	0	0	0
X	45006687	0	1	0	0
X	45008363	1	0	0	0
X	45009660	0	0	1	0
X	45012670	1	0	0	0
X	45028205	0	0	1	0
X	45032579	1	0	0	0
X	45043305	1	0	0	0
X	45052972	0	0	1	0
X	45058323	2	0	0	0
X	45061546	0	8	0	11
X	45061702	48	0	92	0
X	45061862	0	24	0	5
X	45068502	1	0	0	0
X	45073979	0	0	1	0
X	45086101	0	0	1	0
X	45088893	0	2	0	0
X	45089451	3	0	1	0
X	45092605	1	0	0	0
X	45093955	0	2	0	0
X	45106712	0	1	0	0
X	45119408	0	1	0	0
X	46463620	5	0	0	0
X	46477018	1	0	0	0
X	46479989	0	0	5	0
X	46502140	0	1	0	0
X	46512482	0	2	0	0
X	46516921	0	4	0	0
X	46520755	0	0	1	0
X	46534800	0	0	2	0
X	46535491	0	0	0	1
X	46540775	0	0	6	0
X	46540924	0	3	0	0
X	46541021	1	0	0	0
X	46546548	0	6	0	0
X	46550428	0	0	0	1
X	46578404	0	0	6	0
X	46578805	1	0	0	0
X	46584462	0	0	2	0
X	46585376	1	0	2	0
X	46591804	0	1	0	0
X	46594830	1	0	0	0
X	46595883	0	0	2	0
X	46595925	0	0	0	2
X	46596666	0	3	0	0
X	46599693	0	0	69	0
X	46602480	0	0	4	0
X	46605263	1	0	0	0
X	46608300	0	0	1	0
X	46616202	0	10	0	0
X	46620569	0	2	0	0
X	46626534	0	0	0	2
X	46642527	0	0	2	0
X	46646731	0	1	0	0
X	46651709	0	0	1	0
X	46654188	3	0	0	0
X	46661117	0	0	0	1
X	46661935	1	0	0	0
X	46680160	0	2	0	0
X	46683065	0	13	0	0
X	46683343	7	0	0	0
X	46698580	0	0	1	0
X	46700427	0	1	0	0
X	46700478	0	1	0	0
X	46703490	0	3	0	0
X	46706911	0	0	4	0
X	46712049	0	0	0	1
X	46723066	22	0	0	0
X	46816472	1	0	0	0
X	46853974	1	0	0	0
X	46865704	0	0	0	1
X	46876418	1	0	0	0
X	46936000	0	3	0	0
X	47006728	0	0	0	1
X	47031235	0	0	1	0
X	47082465	0	0	0	1
X	47162677	0	0	2	0
X	47168409	0	0	0	4
X	47207038	0	14	3	0
X	47219020	1	0	0	3
X	47229836	23	0	0	99
X	47338023	1	0	0	0
X	47367544	0	0	1	0
X	47367585	0	0	0	1
X	47371889	2	0	0	0
X	47386783	0	0	0	1
X	47397328	0	2	0	0
X	47438224	0	3	0	0
X	47438258	0	0	3	0
X	47443147	0	2	0	0
X	47449469	0	0	0	17
X	47450406	0	0	0	2
X	47458787	0	0	3	0
X	47459137	0	0	1	0
X	47459149	0	0	0	2
X	47459785	1	0	0	0
X	47461341	0	0	6	0
X	47464128	0	0	2	0
X	47464268	0	1	0	0
X	47474703	0	1	0	0
X	47476806	0	2	0	0
X	47481173	0	1	0	0
X	47482422	0	0	1	0
X	47483521	0	5	0	0
X	47490608	0	0	1	0
X	47557216	0	0	1	0
X	47560580	1	0	0	0
X	47562002	0	0	0	2
X	47585480	0	2	0	0
X	47585586	0	582	0	10
X	47632146	0	9	0	0
X	47660596	0	0	0	1
X	47661656	0	0	0	6
X	47834743	0	0	6	0
X	47848147	1	0	0	0
X	47849277	0	1	0	0
X	47849816	1	0	0	0
X	47858960	0	0	0	6
X	47860731	0	0	21	0
X	47861442	0	0	1	0
X	47862304	5	0	0	0
X	47882847	0	3	0	0
X	47883852	0	1	0	0
X	47891019	1	0	0	0
X	47913182	0	0	1	0
X	47913452	0	0	4	0
X	47914996	0	0	2	0
X	47917682	0	0	1	0
X	47922093	0	0	2	0
X	47934928	0	0	0	1
X	47938965	0	0	0	1
X	47961577	0	0	0	1
X	47965738	0	0	0	2
X	47965758	0	0	1	0
X	47978539	2	0	0	0
X	48003589	0	6	0	0
X	48012697	0	0	0	1
X	48013229	0	0	2	0
X	48013230	2	0	0	0
X	48021298	0	0	1	0
X	48029900	0	0	3	0
X	48031937	0	1	0	0
X	48044266	0	0	1	0
X	48045079	3	0	0	0
X	48045243	0	3	0	0
X	48047589	0	0	1	0
X	48055073	0	0	1	0
X	48058297	0	0	4	0
X	48058298	0	0	4	0
X	48069125	0	1	0	0
X	48071411	0	0	8	0
X	48071422	0	0	0	7
X	48072570	0	0	0	7
X	48072579	0	5	0	0
X	48072677	3	0	2	0
X	48073161	0	0	2	0
X	48073233	0	0	3	0
X	48073315	0	0	1	0
X	48075726	0	0	2	0
X	48076311	0	0	0	1
X	48076920	0	0	8	0
X	48078527	0	0	0	3
X	48078663	6	0	0	0
X	48081706	1	0	0	0
X	48082901	1	0	0	0
X	48457523	1	0	0	0
X	48468993	1	0	0	0
X	48483074	0	2	0	0
X	48509152	0	0	0	3
X	48529462	0	0	4	0
X	48545243	1	0	0	0
X	48556521	0	12	0	0
X	48557506	0	2	0	0
X	48557764	0	0	0	4
X	48562353	25	0	0	0
X	48563914	3	0	0	0
X	48565970	0	0	1	0
X	48574075	0	0	3	0
X	48575470	0	0	0	1
X	48578022	3	0	5213	0
X	48578058	6242	0	5	2
X	48578119	0	6044	7	1
X	48581039	12	0	0	0
X	48595494	4	0	0	0
X	48600891	0	0	0	1
X	48600951	0	1	0	0
X	48601122	0	0	0	1
X	48601473	0	0	1	0
X	48601574	0	0	1	0
X	48608798	0	0	0	1
X	48609209	0	0	0	3
X	48675527	0	0	4	0
X	48678525	0	0	0	2
X	48689702	0	0	0	4
X	48690729	0	0	0	1
X	48708904	0	0	99	0
X	48768767	0	1	0	0
X	48902688	8	0	0	0
X	48903516	0	3	0	0
X	48916570	0	1	0	0
X	48917663	0	0	1	0
X	48926218	1	0	0	0
X	48929022	1	0	0	0
X	48929186	0	0	1	0
X	48933294	0	1	0	0
X	48938306	0	5	0	0
X	48938555	1	0	0	0
X	48945517	7	0	0	0
X	48954266	0	0	0	11
X	48978822	0	0	1	0
X	48986930	2	0	0	0
X	48994855	0	0	0	1
X	48996258	0	0	0	1
X	49013734	0	0	1	0
X	49013826	0	0	0	2
X	49013892	0	0	1	0
X	49018752	0	1	0	0
X	49018813	0	0	0	1
X	49022885	0	0	0	1
X	49032623	0	0	3	0
X	49032663	4	0	0	0
X	49035077	1	0	0	0
X	49035139	0	0	0	1
X	49036499	0	0	0	5
X	49041133	0	0	4	0
X	49041973	0	0	1	0
X	49043986	0	0	1	0
X	49056353	0	0	9	0
X	49062789	0	0	1	0
X	49071510	0	96	0	0
X	49073663	3	0	0	0
X	49073715	0	6	0	0
X	49079178	0	1	0	0
X	49087188	0	0	0	1
X	49087315	8	0	0	0
X	49087319	0	0	0	8
X	49090489	0	3	0	0
X	49092989	0	0	2	0
X	49093134	0	0	3	0
X	49096049	9	0	0	0
X	49097662	0	0	0	3
X	49106911	0	2	0	0
X	49107128	0	0	0	27
X	49111254	0	18	0	0
X	49113316	0	0	1	0
X	49121384	0	6	0	0
X	49183061	0	0	0	23
X	49183204	0	0	0	5
X	49183579	0	1	0	0
X	49190221	0	1	0	0
X	49190797	19	0	0	0
X	49190868	0	0	10	0
X	49192356	0	0	1	0
X	49192473	0	0	0	1
X	49195351	0	1	0	0
X	49203221	0	1	0	0
X	49234723	1	0	0	0
X	49240126	0	0	0	3
X	49245158	0	1	0	0
X	49246763	0	0	2	0
X	49268859	0	0	0	1
X	49270933	0	0	0	7
X	49281453	0	16	0	0
X	49283326	0	0	1	0
X	49283405	3	0	0	0
X	49297929	1	0	0	0
X	49623158	0	0	0	1
X	49623159	0	0	1	0
X	49927764	0	0	1	0
X	49931072	0	0	0	1
X	50064155	1	0	0	0
X	50073010	1	0	0	0
X	50082518	0	0	0	1
X	50999070	0	1	0	0
X	51846409	2	0	0	0
X	51858472	0	0	1	0
X	51871391	0	0	0	1
X	51882182	0	0	0	1
X	51901652	0	25	0	0
X	52224069	0	1	0	0
X	52931833	0	0	1	0
X	53088218	0	32	0	0
X	53100170	0	0	16	0
X	53100333	42	0	1	0
X	53100702	0	0	1	0
X	53101155	0	0	4	0
X	53106051	0	0	0	1
X	53118581	0	3	0	0
X	53130026	0	1	0	0
X	53138943	0	2	0	0
X	53139175	0	1	0	0
X	53139672	8	0	0	0
X	53150353	0	0	0	1
X	53161296	1	0	0	0
X	53225210	0	1	0	0
X	53377585	0	0	0	1
X	53385566	0	6	0	6
X	53387130	1	0	0	0
X	53391103	0	0	0	1
X	53395552	0	1	0	0
X	53399453	1	0	0	0
X	53413055	0	75	0	137
X	53415985	0	3	0	0
X	53417189	0	23	0	14
X	53418165	0	0	0	2
X	53421956	1	0	1	0
X	53430674	0	5	0	0
X	53541312	0	1	0	0
X	53577755	0	0	0	3
X	53642536	1	0	0	0
X	53656404	0	0	32	0
X	53706471	0	1	0	0
X	53743539	0	0	2	0
X	53803153	0	1	0	0
X	53808633	0	0	0	120
X	53837228	0	0	2	0
X	53908269	0	1	0	0
X	53937191	0	0	0	5
X	53938155	0	0	0	1
X	53948208	0	2	0	0
X	53949656	0	11	0	0
X	53957208	0	0	0	6
X	53957227	0	0	6	0
X	53957290	0	0	0	2
X	53967675	0	0	1	0
X	53978105	0	1	0	0
X	53996713	0	0	10	0
X	54035796	0	0	0	3
X	54131836	1	0	0	0
X	54164035	0	0	0	1
X	54184101	0	0	0	2
X	54187455	0	0	1	0
X	54190560	0	2	0	0
X	54368668	0	1	0	0
X	54429574	0	0	1	0
X	54439321	8	0	0	0
X	54439515	0	0	0	3
X	54451920	1	0	0	0
X	54500665	0	0	0	1
X	54507000	1	0	0	0
X	54513270	0	0	0	1
X	54533230	34	0	0	0
X	54547145	0	0	0	3
X	54556623	0	0	2	0
X	54563751	0	0	0	18
X	54568230	3	0	0	0
X	54568516	0	0	1	0
X	54569818	10	0	0	0
X	54571587	0	70	0	0
X	54572801	0	1	0	0
X	54581071	1	0	0	0
X	54600432	16	0	0	0
X	54603119	1	0	0	0
X	54606862	1	0	0	0
X	54637558	0	0	0	1
X	54810072	3	0	0	0
X	54810907	0	1	0	0
X	54811644	0	3	0	0
X	54928081	0	3	0	0
X	55006874	0	0	0	2
X	55008850	0	11	0	0
X	55077456	0	0	1	0
X	55151939	0	1	0	0
X	55153657	4	0	0	0
X	55153658	0	0	4	0
X	55157818	0	0	0	1
X	55673319	1	0	0	0
X	55675396	0	3	0	0
X	55762848	0	0	0	2
X	55915121	0	0	2	0
X	55930061	1	0	0	0
X	55970546	0	0	2	0
X	55994380	1	0	0	0
X	55999339	0	5	0	0
X	55999377	0	0	17	0
X	55999448	0	29	0	0
X	56011485	0	0	15	0
X	56014914	0	0	69	0
X	56021270	1	0	0	0
X	56022295	0	0	0	11
X	56024595	0	0	0	2
X	56041062	244	0	2	0
X	56041314	0	0	17	0
X	56041752	0	1	0	0
X	56074037	0	0	0	4
X	56084615	1	0	0	0
X	56092386	0	1	0	0
X	56092801	0	15	0	0
X	56094738	0	0	4	0
X	56094802	0	0	0	6
X	56095370	10	0	0	0
X	56111492	0	0	1	0
X	56112809	0	0	0	3
X	56113140	4	0	0	0
X	56115077	1	0	0	0
X	56127046	0	0	21	0
X	56128442	3	0	0	0
X	56129572	0	0	1	0
X	56132341	8	0	0	0
X	56132382	0	11	0	0
X	56132596	2	0	0	0
X	56133496	0	0	1	0
X	56134580	0	3	0	0
X	56138330	0	3	0	0
X	56138367	3	0	0	0
X	56139809	0	0	2	0
X	56144978	0	0	1	0
X	56170481	0	0	1	0
X	56186969	0	0	0	1
X	56193124	2	0	0	0
X	56196027	2	0	0	0
X	56196109	0	0	2	0
X	56196317	3	0	0	0
X	56253809	1	0	0	0
X	56254183	1	0	0	0
X	56266479	0	0	0	1
X	56302485	1	0	0	0
X	56431492	1	0	0	0
X	56481762	0	0	1	0
X	56481813	0	1	0	0
X	56569201	0	0	1	0
X	56569467	0	0	0	5
X	56574701	1	0	0	0
X	56576198	0	0	1	0
X	56577358	0	2	0	0
X	56577707	0	8	0	0
X	56598746	1	0	0	0
X	56604554	2	0	0	0
X	56606123	0	1	0	0
X	56612204	0	0	1	0
X	56621917	0	0	2	0
X	56627797	0	1	0	0
X	56647647	0	2	0	0
X	56668711	0	0	1	0
X	56683686	0	0	1	0
X	56730318	0	103	0	0
X	56735489	0	0	3	0
X	56766281	0	1	0	0
X	56800923	0	1	0	0
X	56823082	0	1	0	0
X	57122588	1	0	0	0
X	57190236	0	9	0	0
X	57321003	0	0	4	0
X	58394765	0	3	0	0
X	58394831	0	2	0	0
X	62780088	0	6	0	0
X	63347510	0	0	8	0
X	63422554	0	0	1	0
X	63863628	0	0	1	0
X	64185353	0	0	36	0
X	64267289	0	0	0	9
X	64858521	0	1	0	0
X	65511099	0	10	0	0
X	65626442	0	1	0	0
X	65694538	2	0	0	0
X	65718682	0	0	46	0
X	67169632	0	2	0	0
X	68068313	0	0	0	1
X	68324385	0	1	0	0
X	68324421	1	0	0	0
X	68324468	0	0	1	0
X	68498760	0	0	2	0
X	68510833	0	21	0	0
X	68524002	0	0	0	1
X	68535004	0	2	0	0
X	68535452	1	0	0	0
X	68537877	0	0	1	0
X	68540314	0	1	0	0
X	68547097	0	0	1	0
X	68547803	1	0	0	0
X	68566800	0	1	0	0
X	68603632	0	3	0	0
X	68691968	0	0	1	0
X	68691969	0	1	0	0
X	68829250	0	0	0	1
X	69862750	0	0	1	0
X	69937835	0	0	0	2
X	70136137	0	0	0	1
X	70137077	0	11	0	0
X	70137595	0	0	54	0
X	70137859	5	0	0	0
X	70138093	2	0	0	0
X	70138480	0	1	0	0
X	70139081	0	0	40	0
X	70140283	0	0	1	0
X	70140984	0	0	3	0
X	70141440	0	0	4	0
X	70149633	2	0	0	0
X	70154660	0	2	0	0
X	70155930	0	0	0	8
X	70156812	0	6	0	0
X	70158543	0	0	18	0
X	70158643	0	4	0	0
X	70159095	0	0	9	0
X	70188849	0	0	1	0
X	70220854	1	0	0	0
X	70271155	5	0	0	0
X	70273049	0	0	0	1
X	70284223	0	0	0	1
X	70284228	0	0	0	1
X	70284686	2	0	0	0
X	70305074	0	3	0	0
X	70308934	0	0	3	0
X	70312163	2	0	0	0
X	70319123	0	2	0	0
X	70341930	0	0	4	0
X	70345864	0	0	1	0
X	70352882	0	0	2	0
X	70353789	0	0	0	11
X	70359437	0	1	0	0
X	70360153	0	0	1	0
X	70379067	0	0	2	0
X	70382217	0	0	1	0
X	70397102	4	0	0	0
X	70409386	0	0	0	1
X	70411646	4	0	0	0
X	70434658	1	0	0	0
X	70440327	0	0	1	0
X	70456894	0	0	0	1
X	70482924	0	0	0	1
X	70482926	0	0	0	1
X	70487535	0	1	0	0
X	70504244	3	0	0	0
X	70997508	0	0	0	1
X	71024916	1	0	0	0
X	71025879	0	0	2	0
X	71036324	2	0	0	0
X	71056235	0	0	2	0
X	71065167	0	3	0	0
X	71086878	0	0	3	0
X	71108849	0	0	1	0
X	71120888	1	0	0	0
X	71141423	0	0	0	2
X	71156540	2	0	0	0
X	71158456	0	0	0	1
X	71158679	0	0	0	4
X	71158995	0	2	0	0
X	71159011	0	0	0	1
X	71160028	5	0	0	0
X	71160468	0	16	0	0
X	71162425	0	0	0	7
X	71165556	0	0	0	1
X	71174850	0	0	1	0
X	71183810	0	19	0	0
X	71189260	0	0	1	0
X	71192629	2	0	0	0
X	71193094	0	0	14	0
X	71193185	0	0	0	3
X	71194792	0	7	0	0
X	71195458	7	0	0	0
X	71236311	0	2	0	0
X	71272523	0	0	0	5
X	71272549	0	3	0	0
X	71277315	0	0	1	0
X	71285438	0	1	0	0
X	71288042	0	0	3	0
X	71290941	0	0	1	0
X	71293358	0	0	1	0
X	71294715	0	0	2	0
X	71305833	0	1	0	0
X	71308039	1	0	0	0
X	71314964	0	0	2	0
X	71334263	1	0	0	0
X	71362425	1	0	0	0
X	71366210	1	0	0	0
X	71375282	0	0	0	13
X	71379622	0	0	1	0
X	71399930	0	1	0	0
X	71407156	0	0	0	1
X	71407627	0	0	2	0
X	71410072	0	3	0	0
X	71410603	0	0	123	0
X	71421171	0	0	4	0
X	71424981	0	0	0	1
X	71440022	1	0	0	0
X	71457314	0	1	0	0
X	71462924	0	0	0	3
X	71466749	0	0	0	3
X	71471056	3	0	0	0
X	71476452	3	0	0	0
X	71486686	0	1	0	0
X	71502865	2	0	0	0
X	71506141	1	0	0	0
X	71506285	1	0	0	0
X	71506466	0	0	0	1
X	71514258	0	0	0	2
X	71538847	17	0	0	0
X	71549646	0	1	0	0
X	71551647	5	0	0	0
X	71553936	0	6	0	0
X	71556406	0	0	0	4
X	71575759	108	0	0	0
X	71580766	0	0	1	0
X	71589687	0	0	52	0
X	72181757	0	0	70	0
X	72181764	0	72	7	0
X	72182348	0	0	0	2
X	72182420	0	2	0	0
X	72184892	0	14	0	0
X	72188512	0	1	0	0
X	72188556	1	0	0	0
X	72190174	0	0	2	0
X	72194458	2	0	0	0
X	72196871	0	0	0	350
X	72210122	0	0	0	4
X	72215347	0	0	1	0
X	72218497	0	0	0	2
X	72225347	0	0	0	1
X	72236545	0	0	0	5
X	72266957	1	0	1	0
X	72272396	253	238	0	0
X	72276019	1	0	0	0
X	72312081	0	1	0	0
X	72319454	0	1	0	0
X	72321910	0	1	0	0
X	72327447	2	0	0	0
X	72327477	0	0	0	5
X	72327520	0	7	0	0
X	72327742	0	0	1	0
X	72329045	0	1	0	0
X	72344067	1	0	0	0
X	72345882	3	0	0	0
X	72350011	1	0	0	0
X	72363712	0	2	0	0
X	72380874	0	0	0	1
X	72382737	0	0	1	0
X	72402514	0	0	6	0
X	72408791	0	0	0	7
X	72411226	22	0	0	0
X	72411260	17	0	0	0
X	72411275	0	19	0	0
X	72416569	0	0	0	13
X	72417076	0	0	1	0
X	72420627	0	0	0	9
X	72426912	2	0	0	0
X	72426925	0	2	0	0
X	72431515	0	1	0	0
X	72439639	0	1	0	0
X	72455448	0	0	1	0
X	72461697	0	0	0	1
X	72466401	0	0	0	1
X	72516485	0	0	1	0
X	72520992	0	0	0	2
X	72524116	0	1	0	0
X	72527130	0	0	0	3
X	72527954	0	0	0	18
X	72530982	0	0	2	0
X	72563037	4	0	0	0
X	72688131	0	3	0	0
X	73011894	0	1	0	0
X	73627065	0	0	6	0
X	73632844	0	1	0	0
X	73632958	0	0	0	3
X	73635581	0	1	0	0
X	73650677	0	0	1	0
X	73650992	0	0	1	0
X	73658373	0	0	5	0
X	73658491	8	0	0	0
X	73680516	0	1	0	0
X	73692841	0	0	2	0
X	73697966	0	1	0	0
X	73741013	0	0	1	0
X	73761026	0	0	0	11
X	73822772	0	0	0	296
X	73825905	2	0	0	0
X	73826722	0	0	0	9
X	73827734	0	0	0	1
X	73842620	0	0	2	0
X	73842633	0	2	0	0
X	73842859	0	0	0	1
X	73847056	1	0	0	0
X	73850415	0	0	0	3
X	73851306	0	0	4	0
X	73891032	1	0	0	0
X	73891055	0	0	1	0
X	73943741	1	0	0	0
X	73944648	3	0	0	41
X	73945448	82	0	0	76
X	73946124	0	0	3	0
X	73946126	0	0	4	1
X	73950223	1	0	0	0
X	73950906	0	3	0	0
X	73954761	0	0	1	0
X	73955755	0	2	1	0
X	73964501	2	0	0	0
X	73966917	0	0	1	0
X	73976641	0	12	0	6
X	73983250	0	0	0	1
X	73986935	0	0	0	1
X	73990354	0	19	0	18
X	73991704	0	0	0	3
X	73992071	1	0	4	0
X	73996408	0	3	0	7
X	73996409	0	7	0	3
X	73997137	0	12	0	3
X	74003432	0	6	0	9
X	74013310	1	0	0	0
X	74015728	0	0	1	0
X	74040116	0	0	0	1
X	74044652	0	2	0	1
X	74047021	0	0	1	0
X	74048347	2	0	0	0
X	74048479	1	0	0	0
X	74065087	0	0	1	0
X	74071896	1	0	0	0
X	74076916	1	0	0	0
X	74077018	0	0	1	0
X	74077019	1	0	0	0
X	74094776	0	0	0	1
X	74100084	2	0	0	0
X	74195023	5	0	0	0
X	74219632	0	0	0	254
X	74222249	0	0	0	2
X	74222640	0	0	1	0
X	74222664	0	1	0	0
X	74243607	0	0	2	0
X	74250659	0	0	0	43
X	74252475	7	0	0	0
X	74255863	0	3	0	0
X	74256453	0	1	0	0
X	74259945	0	0	1	0
X	74260074	0	0	1	0
X	74262082	0	3	0	0
X	74264438	0	3	0	0
X	74265096	0	4	0	0
X	74266517	94	0	0	0
X	74268547	0	0	0	3
X	74269779	0	1	0	0
X	74269858	0	2	0	0
X	74269888	0	0	0	2
X	74273713	0	2	0	0
X	74274946	0	0	2	0
X	74275632	0	1	0	0
X	74276052	0	0	2	0
X	74277159	0	8	0	0
X	74278613	0	0	10	0
X	74278765	0	0	0	6
X	74280128	0	0	0	3
X	74281727	0	0	0	10
X	74283031	1	0	0	0
X	74286648	0	1	0	0
X	74287834	0	2	0	0
X	74378477	0	1	0	0
X	74509946	1	0	0	0
X	74562046	0	0	1	0
X	74562508	0	0	5	0
X	74577577	1	0	0	0
X	74586920	0	1	0	0
X	74591072	0	0	0	3
X	74615112	1	0	0	0
X	74737903	0	0	0	1
X	74762235	0	2	0	0
X	74770679	1	0	0	0
X	74773775	0	0	0	11
X	74787093	0	1	0	0
X	74883358	0	0	0	1
X	74890596	1	0	0	0
X	74891525	0	0	0	5
X	75035648	7	0	0	0
X	75046826	0	0	1	0
X	75054907	9	0	0	0
X	75056294	1	0	0	0
X	75086143	0	0	5	0
X	75097048	0	0	18	0
X	75114852	0	1	0	0
X	75147901	1	0	0	0
X	75160048	0	0	1	0
X	75231013	3	0	0	0
X	75231148	0	0	0	2
X	75287846	3	0	0	0
X	75329631	3	0	0	0
X	75388449	0	4	0	0
X	75744635	0	0	0	5
X	76049936	0	1	0	0
X	76049956	1	0	0	0
X	76158236	0	0	1	0
X	76172309	0	1	0	0
X	76175337	0	0	0	1
X	76187345	0	0	0	1
X	76194185	1	0	0	0
X	76194238	4	0	0	0
X	76194561	0	4	0	0
X	76224600	0	0	0	2
X	76234952	0	1	0	0
X	76401172	0	0	2	0
X	76897982	0	1	0	0
X	76898047	0	0	0	2
X	76991428	1	0	0	0
X	77513083	0	126	0	0
X	77765960	0	0	0	15
X	77772871	1	0	0	0
X	77848657	17	0	0	0
X	77889378	1	0	0	0
X	77898249	0	0	2	0
X	77905578	0	0	0	3
X	78107681	0	23	0	0
X	78118027	0	1	0	0
X	78123857	0	0	1	0
X	78123886	0	0	0	1
X	78124580	1	0	0	0
X	78125517	0	0	1	0
X	78129485	0	0	1	0
X	78134625	0	0	0	2
X	78134938	0	3	0	0
X	78138563	0	0	3	0
X	78141312	0	0	1	0
X	78148014	0	1	0	0
X	78170044	1	0	0	0
X	78190300	1	0	0	0
X	78253835	0	0	0	1
X	78256240	1	0	0	0
X	78258106	0	2	0	0
X	78270702	8	0	0	0
X	78271807	0	45	0	0
X	78271975	0	0	4	0
X	78272820	54	0	1	0
X	78272838	0	57	0	1
X	78280795	0	1	0	0
X	78288942	1	0	0	0
X	78289910	0	0	0	2
X	78290100	1	0	0	0
X	78290102	0	0	0	1
X	78299192	0	0	10	0
X	78299470	0	0	1	0
X	78300073	0	0	1	0
X	78304805	0	0	1	0
X	78319113	3	0	0	0
X	78319340	0	1	0	0
X	78396150	0	1	0	0
X	78750489	0	1	0	0
X	78944117	1	0	0	0
X	78963223	2	15	0	0
X	78963963	0	0	2	0
X	78981863	2	0	1	0
X	78981974	0	0	0	2
X	79146487	0	0	2	0
X	79147685	1	0	0	0
X	79151334	3	0	0	0
X	79156949	0	0	4	0
X	79156995	0	0	0	2
X	79158378	3	0	0	0
X	79158504	0	0	0	17
X	79158732	0	0	5	0
X	79160183	0	1	0	0
X	79164107	0	0	1	0
X	79164855	0	0	1	0
X	79166687	67	0	4	0
X	79167605	0	0	1	0
X	79167625	1	0	0	0
X	79170796	1	0	0	0
X	79170883	0	0	1	0
X	79170974	0	0	0	1
X	79170991	0	1	0	0
X	79193604	0	0	0	2
X	79195814	0	6	1	0
X	79196113	0	0	1	0
X	79201951	2	0	0	0
X	79218872	0	0	5	0
X	79218885	0	3	0	0
X	79222644	1	0	0	0
X	79223012	10	0	0	0
X	79223082	0	2	0	0
X	79245486	0	6	0	0
X	79247822	7	0	0	0
X	79273330	0	0	1	0
X	79279249	0	0	2	0
X	79280085	0	0	0	2
X	79280102	0	2	0	0
X	79283178	0	3	0	0
X	79283228	3	0	0	0
X	79283330	0	0	1	0
X	79289014	0	0	1	0
X	79289319	0	0	2	0
X	79292166	0	0	2	0
X	79292178	2	0	0	0
X	79292222	4	0	0	0
X	79293584	1	0	0	0
X	79293938	2	0	0	0
X	79296645	0	0	0	3
X	79307949	1	0	1	0
X	79307950	0	1	0	1
X	79309705	1	0	0	0
X	79314882	0	0	0	1
X	79318682	1	0	0	0
X	79318723	0	1	0	0
X	79324516	0	1	0	0
X	79380590	0	0	0	1
X	79382130	1	0	0	0
X	79383379	2	0	0	0
X	79386216	0	0	1	0
X	79389568	0	0	2	0
X	79391515	0	0	1	0
X	79392414	0	0	0	1
X	79395749	0	0	0	1
X	79398476	0	0	3	0
X	79402689	0	0	0	2
X	79405074	0	0	0	1
X	79408432	0	0	0	1
X	79411729	0	0	0	1
X	79414116	4	0	0	0
X	79421844	0	0	0	2
X	79434827	0	0	0	1
X	79707322	0	0	0	1
X	80814157	0	1	0	0
X	80842558	0	2	1	0
X	80846496	0	0	0	1
X	80872395	0	0	2	0
X	81116626	0	1	0	0
X	81184836	0	0	0	1
X	81201637	0	0	2	0
X	81209236	0	10	0	0
X	81209513	1	0	0	0
X	81211410	0	1	0	0
X	81213117	0	0	2	0
X	81214566	0	1	0	0
X	81214608	0	1	0	0
X	81214958	0	0	2	0
X	81262908	1	0	0	0
X	81264005	1	0	0	0
X	81275164	0	0	1	0
X	81592446	2	0	0	0
X	83636581	0	1	0	0
X	84061446	0	1	0	0
X	84079759	0	1	0	0
X	84122417	1	0	0	0
X	84133924	0	0	0	1
X	84169697	0	1	0	0
X	84259401	0	0	0	1
X	84259442	0	0	1	0
X	84340387	0	1	0	0
X	84395560	0	0	0	1
X	84407428	1	0	0	0
X	84408787	0	0	0	2
X	84409825	26	0	0	0
X	84409993	0	9	0	0
X	84415745	0	1	0	0
X	84431136	0	0	0	6
X	84433586	0	2	0	0
X	84437016	0	5	0	0
X	84437205	0	0	1	0
X	84440407	1	0	0	0
X	84452415	0	0	0	3
X	84452462	0	3	0	0
X	84459503	1	0	0	0
X	84469012	0	0	5	0
X	84469146	0	1	0	0
X	84476235	0	9	0	0
X	84476364	0	11	0	0
X	84481002	0	0	0	1
X	84484158	0	0	0	2
X	84488646	0	1	0	0
X	84490403	0	0	1	0
X	84492604	0	1	0	0
X	84493044	0	0	0	3
X	85006822	1	0	0	0
X	85026668	0	0	1	0
X	85026841	1	0	0	0
X	85032470	0	0	0	5
X	85070685	0	4	0	0
X	85077245	0	0	0	1
X	85084404	3	0	0	0
X	85087277	0	1	0	0
X	85089243	1	0	0	0
X	85093808	1	0	0	0
X	85100120	0	0	0	1
X	85248173	1	0	0	1
X	85861279	10	0	9	0
X	85861735	0	1	0	0
X	85863095	0	1	0	1
X	85869414	0	0	0	1
X	85871038	0	4	0	2
X	85874618	1	0	0	0
X	85879093	0	0	1	0
X	85879857	0	1	0	0
X	85893407	0	1	0	0
X	85893604	1	0	0	0
X	85895330	5	0	0	0
X	85920696	1	0	0	0
X	85942299	0	1	0	0
X	85942351	0	1	1	0
X	85942449	1	0	0	0
X	85942518	0	1	0	1
X	85943029	0	0	0	1
X	85948842	0	0	1	0
X	85953049	0	1	0	0
X	85953144	0	0	1	0
X	85954724	0	0	0	11
X	85954790	0	0	4	0
X	85961291	4	0	2	0
X	85971798	0	0	0	1
X	86010231	0	0	0	1
X	86010236	0	0	1	0
X	86013538	0	1	0	0
X	86023338	0	3	0	0
X	86023873	2	0	0	0
X	86036182	1	0	0	1
X	86042550	0	0	0	1
X	86445364	0	4	0	0
X	86446419	0	0	0	1
X	86889587	1	0	0	0
X	88354182	0	0	1	0
X	88354274	0	0	1	0
X	88901001	0	0	1	0
X	89225943	0	1	0	0
X	90039581	0	5	0	0
X	91626202	0	0	1	0
X	92113308	0	6	0	0
X	92376471	0	0	0	1
X	92651316	1	0	0	0
X	94805749	1	0	0	0
X	95971727	0	0	0	6
X	96105753	0	1	0	0
X	96523438	0	6	0	0
X	96523454	0	8	0	0
X	96741102	3	0	0	0
X	96815980	0	0	0	2
X	96973960	0	0	0	8
X	97046435	0	1	0	0
X	97052385	0	0	0	1
X	97052413	1	0	0	0
X	97058749	0	2	0	0
X	97072827	0	0	1	0
X	97081502	1	0	0	0
X	97081692	0	0	0	5
X	97090424	6	0	0	0
X	97093654	1	0	0	0
X	97104935	1	0	0	0
X	97125293	0	3	0	0
X	97144955	0	0	0	1
X	97145690	0	0	0	1
X	97146133	0	6	0	0
X	97148876	0	1	0	0
X	97153484	0	0	0	1
X	97155192	3	0	0	0
X	97155358	0	0	7	0
X	97161918	0	1	0	0
X	97170267	0	1	0	0
X	97184787	0	0	4	0
X	97211178	0	0	2	0
X	97269058	0	0	0	2
X	97277260	0	5	0	0
X	97287885	0	0	2	0
X	97414216	3	0	0	0
X	97545278	1	0	0	0
X	97548743	1	0	0	0
X	97579259	0	1	0	0
X	97583203	0	0	3	0
X	97583245	3	0	0	0
X	97583277	2	0	0	0
X	97600504	0	2	0	0
X	97603332	2	0	0	0
X	97603448	0	1	0	0
X	97603657	0	0	0	2
X	97604960	0	0	0	2
X	99056433	0	1	0	0
X	99198918	0	1	0	0
X	100602219	0	1	0	0
X	100681150	2	0	0	0
X	100897383	1	0	0	0
X	100909807	0	0	1	0
X	100921979	0	0	3	0
X	100984679	0	1	0	0
X	100991663	0	2	0	0
X	101001558	8	0	0	0
X	101022413	0	0	1	0
X	101024068	1	0	0	0
X	101026248	1	0	0	0
X	101028862	0	4	0	0
X	101029342	0	0	0	1
X	101043275	1	0	0	0
X	101050673	0	0	11	0
X	101050741	4	0	0	0
X	101099300	0	8	0	0
X	101104670	0	0	6	0
X	101114026	2	0	0	0
X	101142792	2	0	0	0
X	101163277	1	0	0	0
X	101178591	2	0	0	0
X	101302350	0	1	0	0
X	101303810	0	0	1	0
X	101309115	2	0	0	0
X	101309967	0	0	2	0
X	101316890	1	0	0	0
X	101317718	0	0	0	1
X	101319785	0	0	1	0
X	101319804	0	0	0	1
X	101319868	0	0	0	1
X	101320993	0	0	0	1
X	101322913	0	0	1	0
X	101342587	1	0	0	0
X	101342842	0	0	0	4
X	101343710	0	1	0	0
X	101343769	0	0	0	1
X	101349551	4	324	0	0
X	101349693	0	0	1	718
X	101358637	6	0	0	0
X	101370305	0	0	0	2
X	101373868	0	0	1	0
X	101376150	0	0	1	0
X	101381757	0	0	0	1
X	101381767	1	0	0	0
X	101383217	2	0	0	0
X	101393132	7	0	2	0
X	101396916	1	0	0	0
X	101397078	0	0	1	0
X	101397534	0	1	0	0
X	101397655	0	0	0	6
X	101411848	0	3	0	0
X	101420126	0	0	7	0
X	101442697	0	2	0	0
X	101443079	0	4	0	0
X	101626444	30	0	0	0
X	101627688	0	0	0	45
X	101629741	0	0	0	1
X	101631568	2	0	0	0
X	101640511	0	0	4	0
X	102603776	0	14	0	0
X	102641407	0	0	5	0
X	102650145	1	0	0	0
X	102673574	0	0	1	0
X	102694548	0	1	0	0
X	102728654	0	1	0	0
X	102773010	0	0	0	6
X	102777065	0	0	0	1
X	102777334	9	0	0	0
X	102777429	0	14	0	0
X	102783083	0	1	0	0
X	102785596	0	31	0	0
X	102789040	0	0	2	0
X	102796843	0	0	0	1
X	102808823	0	1	0	0
X	102819214	0	0	0	2
X	102826058	0	0	1	0
X	102830033	0	0	1	0
X	102830397	0	0	3	0
X	102832878	1	0	0	0
X	102865755	0	0	0	4
X	102865898	0	0	0	2
X	102867541	0	0	2	0
X	102871309	0	0	0	2
X	102882711	0	4	0	0
X	102897743	0	6	0	0
X	102905635	0	0	2	0
X	102938810	4	0	0	0
X	102963359	2	0	0	0
X	102968547	0	0	1	0
X	103216645	19	0	0	0
X	103310129	2	0	0	0
X	103310666	0	0	0	1
X	103482117	0	3	0	0
X	103482380	1	0	0	0
X	103565759	0	0	1	0
X	103587239	0	262	0	0
X	103609649	0	350	0	0
X	103682778	0	0	1	0
X	103909116	0	0	0	7
X	103933897	0	0	9	0
X	106475213	1	0	0	0
X	106475214	0	1	0	0
X	106475215	1	0	0	0
X	106638326	2	0	1	0
X	106649711	0	0	0	1
X	106650489	1	0	0	0
X	106679045	1	0	0	0
X	106818694	0	0	2	0
X	106829859	0	0	1	0
X	107065063	2	0	0	0
X	107066353	0	11	0	0
X	107085032	0	0	0	2
X	107087743	0	0	1	0
X	107129640	0	0	1	0
X	107649706	0	0	0	1
X	107652837	1	0	0	0
X	107710455	1	0	0	0
X	108167579	0	0	2	0
X	109603177	0	0	0	2
X	109627376	0	3	0	0
X	109670859	0	0	4	0
X	109701516	0	1	0	0
X	109701525	0	0	1	0
X	109724899	0	0	1	0
X	109909233	0	0	0	1
X	110009888	0	0	3	0
X	110009907	0	2	0	0
X	110031620	0	0	0	1
X	110055186	0	0	1	0
X	110070512	0	0	7	0
X	110072088	0	0	5	0
X	110072093	0	0	5	0
X	110072118	0	0	0	6
X	110081379	11	0	0	0
X	110090356	1	0	0	0
X	110150326	1	0	0	0
X	110170951	1	0	0	0
X	110187649	0	0	2	0
X	110187682	0	0	2	0
X	110194792	0	2	0	0
X	110197268	0	0	1	0
X	110200697	0	0	1	0
X	110226261	0	0	1	0
X	110227268	0	0	0	1
X	110232450	0	0	11	0
X	110232612	0	55	0	0
X	110235861	0	0	0	1
X	111683394	1	0	0	0
X	111691502	0	0	0	2
X	111694530	1	0	0	0
X	111702731	0	0	1	0
X	111710977	0	0	2	0
X	111741204	0	0	0	2
X	111741394	6	0	9	0
X	111749572	0	0	1	0
X	112763113	0	0	0	1
X	112800050	0	0	0	1
X	112835898	0	4	0	0
X	112839861	0	0	0	1
X	112887173	0	0	0	1
X	112887287	0	1	0	0
X	112900722	0	2	0	0
X	113002536	0	1	0	0
X	113113754	1	0	0	0
X	113114983	2	0	0	0
X	113115023	0	0	1	0
X	113215418	0	0	0	1
X	114956567	0	1	0	0
X	114956569	0	0	0	1
X	115029247	0	0	1	0
X	115177370	1	0	0	0
X	115498565	0	0	1	0
X	115889699	0	0	0	12
X	115889710	0	8	0	0
X	115890886	0	0	1	0
X	115899992	0	0	0	10
X	115938037	0	1	0	0
X	115955674	0	4	0	0
X	115964084	0	0	1	0
X	115964114	1	0	0	0
X	115965825	0	1	0	0
X	115968297	0	0	73	0
X	116010607	0	0	1	0
X	116895884	0	0	0	1
X	117587466	0	1	0	0
X	117895100	0	0	1	0
X	117895107	0	0	0	1
X	117912841	0	1	0	0
X	117929496	0	1	0	0
X	117943814	0	0	1	0
X	118108545	0	2	0	0
X	118109097	0	1	0	0
X	118132889	0	0	1	0
X	118133685	0	1	0	0
X	118309385	0	0	2	0
X	118333645	0	0	0	4
X	118333780	0	1	0	0
X	118344824	0	3	0	0
X	118345081	0	0	0	6
X	118357687	0	0	0	2
X	118372869	1	0	0	0
X	118375375	0	0	8	0
X	118377984	0	0	0	45
X	118380678	0	0	0	3
X	118382228	0	0	0	2
X	118391828	0	0	10	0
X	118402301	0	4	0	0
X	118408055	1	0	0	0
X	118431407	2	0	0	0
X	118451167	0	0	3	0
X	118503776	1	0	0	0
X	118506131	10	0	0	0
X	118506184	0	0	0	3
X	118506302	0	0	0	1
X	118531663	0	0	0	1
X	118539944	14	0	0	0
X	118541562	0	0	1	0
X	118544873	0	0	0	7
X	118557221	0	1	0	0
X	118557640	0	0	0	4
X	118561237	0	1	0	0
X	118566178	0	0	7	0
X	118577213	0	1	0	0
X	118666086	1	0	0	0
X	118684682	0	0	0	13
X	118686589	0	0	1	0
X	118688276	0	0	3	0
X	118688343	0	2	0	0
X	118696001	2	0	0	0
X	118702089	0	2	0	0
X	118703072	2	0	0	0
X	118710716	0	0	1	0
X	118722654	0	0	1	0
X	118730962	1	0	0	0
X	118755201	1	0	0	0
X	118791935	1	0	0	0
X	118792035	3	0	0	0
X	118987599	0	1	0	0
X	119243645	0	5	0	0
X	119250814	0	1	0	0
X	119399460	0	0	0	1
X	119404286	1	0	0	0
X	119404488	0	0	0	2
X	119405892	0	0	0	1
X	119415704	9	0	0	0
X	119423184	7	0	0	0
X	119443278	0	0	0	1
X	119443845	1	0	0	0
X	119452168	0	0	0	4
X	119452405	0	0	6	0
X	119454408	0	0	0	21
X	119523562	0	2	0	0
X	119525636	0	0	1	0
X	119525970	0	0	1	0
X	119528828	0	1	0	3
X	119529241	0	0	3	0
X	119529250	0	3	0	0
X	119531254	0	2	0	0
X	119533604	0	0	2	0
X	119535688	0	0	0	1
X	119535938	0	0	4	0
X	119536745	0	0	46	0
X	119536770	0	0	50	0
X	119536898	0	0	0	10
X	119538163	0	0	0	2
X	119538221	0	24	0	0
X	119539437	0	0	0	11
X	119547237	0	0	2	0
X	119552015	0	1	0	0
X	119556439	0	0	0	1
X	119556975	0	0	1	0
X	119563415	5	0	0	0
X	119568219	0	0	0	3
X	119568220	0	0	0	2
X	119577369	0	10	0	0
X	119578042	21	0	0	0
X	119584665	0	8	0	0
X	119605528	0	0	1	0
X	119622908	0	0	3	4
X	119623911	0	3	0	0
X	119629443	0	43	0	39
X	119630205	0	0	0	1
X	119632257	1	0	0	0
X	119632478	2	0	1	0
X	119633169	3	0	1	0
X	119638552	0	0	1	0
X	119639624	0	0	1	0
X	119639876	0	1	0	7
X	119640081	0	15	24	0
X	119640874	0	0	0	2
X	119642100	7	0	0	4
X	119644408	0	1	0	0
X	119645822	3	0	1	0
X	119645823	0	3	1	0
X	119645831	0	3	1	0
X	119647005	2	0	0	2
X	119647943	2	0	6	0
X	119647994	1	0	5	0
X	119648669	2	0	0	0
X	119649180	0	4	2	0
X	119649777	0	0	1	0
X	119658556	1	0	5	0
X	119660974	0	0	15	0
X	119661395	0	1	0	0
X	119662388	0	0	4	2
X	119663459	0	0	1	0
X	119664294	0	1	0	1
X	119664626	33	0	49	0
X	119668894	1	0	1	0
X	119673235	0	6	0	5
X	119674322	0	17	0	8
X	119678291	0	1	0	3
X	119679189	5	0	0	0
X	119680451	0	2	0	0
X	119680754	1	0	2	0
X	119684745	0	58	0	36
X	119686557	0	0	5	0
X	119687407	0	18	0	2
X	119690348	0	1	0	1
X	119690583	0	8	0	6
X	119692279	1	9	0	0
X	119695888	0	0	2	0
X	119697303	0	1	0	1
X	119754664	0	0	1	0
X	119756916	0	1	0	2
X	119757013	1	0	4	0
X	119759091	1	0	0	0
X	119759174	0	1	0	0
X	119762068	0	1	0	0
X	119768523	2	0	0	0
X	119769203	0	0	7	0
X	119769807	0	2	0	0
X	119769844	0	0	0	2
X	119769863	0	0	1	0
X	119769897	0	2	0	0
X	119772571	0	1	0	0
X	119775554	0	0	0	2
X	119779197	1	0	0	0
X	119779267	0	0	0	1
X	119779290	0	0	1	0
X	119779300	1	0	0	0
X	119779486	2	0	0	0
X	119779548	1	0	0	0
X	119785968	0	0	1	0
X	119786584	0	0	0	2023
X	119786689	21733	2	28	2
X	119787265	0	0	1	0
X	119787325	0	0	4	0
X	119787952	0	0	2	0
X	119788472	1	0	0	0
X	119789168	0	1	0	0
X	119791218	0	3	0	0
X	119792395	7	0	0	0
X	119792458	0	5	0	0
X	119792489	0	0	4	0
X	119794226	2	0	0	0
X	119794266	0	0	1	0
X	119794281	0	0	0	1
X	119795225	0	0	3	0
X	119797981	0	0	1	0
X	119799276	0	1	0	0
X	119805040	1	0	0	0
X	119805593	0	4	0	0
X	119806282	4	0	0	0
X	119809173	0	0	0	1
X	119810683	0	6	0	0
X	119814952	2	0	0	0
X	119815245	1	0	0	0
X	119819288	0	0	8	0
X	119820049	0	12	0	0
X	119823946	0	0	0	3
X	119825121	2	0	0	0
X	119828085	0	0	6	0
X	119828222	0	0	17	0
X	119829115	0	3	0	0
X	119831890	1	0	0	0
X	119834106	0	90	0	0
X	119834228	0	0	0	200
X	119836974	0	2	0	0
X	119837938	0	0	0	37
X	119843368	0	3	0	0
X	119844108	0	0	0	1
X	119844200	0	0	13	0
X	119846084	1	0	0	0
X	119848056	0	0	0	35
X	119848122	0	0	26	0
X	119849357	0	1	0	0
X	119864416	0	0	1	0
X	119881462	0	1	0	0
X	119924773	0	0	1	0
X	119927625	1	0	0	0
X	119932368	0	6	0	0
X	119941920	0	0	0	8
X	119946663	0	0	0	1
X	120199022	0	2	0	0
X	120205538	0	0	2	0
X	120212499	1	0	0	0
X	120229647	0	2	0	0
X	120422932	1	0	0	0
X	120423478	0	0	0	2
X	120423653	2	0	0	0
X	120423690	2	0	0	0
X	120424067	2	0	0	0
X	120428863	0	0	0	1
X	120431026	0	0	0	25
X	120437203	2	0	0	0
X	120441242	0	0	4	0
X	120442187	1	0	0	0
X	120442783	0	0	1	0
X	120452506	0	0	0	1
X	120452874	0	0	0	7
X	120526086	0	3	0	0
X	120530932	0	1	0	0
X	120530961	0	0	0	1
X	120535431	0	0	5	0
X	120535475	0	0	0	8
X	120574106	0	1	0	0
X	120599844	0	0	0	1
X	120624876	0	1	0	0
X	120628859	0	2	0	0
X	121344466	1	0	0	0
X	121384553	2	0	0	0
X	121739140	0	0	1	0
X	121762272	1	0	0	0
X	122038301	0	1	0	0
X	123132733	1	0	0	0
X	123389866	0	1	0	0
X	123451060	1	0	0	0
X	123663795	15	0	0	0
X	123674092	2	0	0	0
X	123679961	2	0	0	0
X	123692784	0	0	10	0
X	123858502	0	1	0	0
X	123858972	0	5	0	0
X	123861011	2	0	0	0
X	123861754	0	0	0	1
X	123862636	10	0	0	0
X	123862747	0	0	0	12
X	123864699	0	0	22	0
X	123865142	0	0	0	6
X	123865197	7	0	0	0
X	123865720	2	0	0	0
X	123865768	0	0	1	0
X	123866892	4	0	1	0
X	123867927	0	0	0	51
X	123867979	33	0	0	0
X	123870406	0	0	7	0
X	123870656	0	0	0	12
X	123870758	4	0	0	0
X	123873724	0	5	0	0
X	123873865	0	0	0	1
X	123879317	1	0	0	0
X	123879496	0	5	0	0
X	123879525	0	0	0	5
X	123879889	0	2	0	0
X	123879897	0	0	2	0
X	123879908	3	0	0	0
X	123879911	0	0	2	0
X	123880481	0	0	0	4
X	123884313	0	0	2	0
X	123885267	2	0	0	0
X	123894276	0	0	2	0
X	123894567	0	47	0	0
X	123900661	3	0	0	0
X	123911791	0	12	0	0
X	123912422	3	0	0	0
X	123964891	0	0	2	0
X	123977391	0	0	0	25
X	123977463	0	0	24	0
X	123979907	2	0	0	0
X	124003713	0	0	0	1
X	124015073	0	0	15	0
X	124023124	0	0	0	1
X	124032169	0	0	1	0
X	124053371	0	2	0	0
X	124073154	0	0	0	26
X	124085641	0	0	7	0
X	124090657	8	0	0	0
X	124175019	1	0	0	0
X	124175060	0	1	0	0
X	124722666	0	0	0	1
X	125324880	1	0	0	0
X	126232480	0	1	0	0
X	126805105	0	1	0	0
X	127509061	0	0	1	0
X	127533317	0	0	0	1
X	128217794	0	0	1	0
X	129554744	0	0	0	2
X	129554829	0	0	2	0
X	129564469	0	0	1	0
X	129571720	0	1	0	0
X	129578864	1	0	0	0
X	129773381	0	0	5	0
X	129775561	0	0	0	1
X	129775631	0	0	0	1
X	129778146	0	0	0	1
X	129778862	0	0	8	2
X	129778867	0	8	2	0
X	129779305	0	0	0	1
X	129780406	2	0	0	0
X	129780496	0	1	0	0
X	129781621	0	1	0	0
X	129782198	0	0	1	0
X	129794563	0	1	0	7
X	129797818	0	1	0	0
X	129798002	0	0	2	2
X	129799681	0	0	0	1
X	129801233	0	0	5	0
X	129804982	0	0	0	1
X	129805841	0	0	0	2
X	129815254	0	0	3	0
X	129815878	0	0	1	0
X	129999691	0	0	2	0
X	130001194	0	0	1	0
X	130033379	0	0	1	0
X	130043916	0	0	0	3
X	130054783	0	1	0	0
X	130057253	4	0	0	0
X	130097045	0	11	0	0
X	130101559	5	0	0	0
X	130208942	0	14	0	0
X	130221831	1	0	0	0
X	130223301	0	0	3	0
X	130268028	0	0	1	0
X	130354335	0	0	1	0
X	130624825	0	3	0	0
X	130834800	0	0	0	3
X	130902592	0	0	0	2
X	131123479	0	1	0	0
X	131123484	0	1	0	0
X	131276991	0	0	1	0
X	131298519	0	0	0	1
X	131445673	0	0	0	1
X	131688454	1	0	1	0
X	131697063	12	0	0	0
X	131699526	0	0	0	5
X	131700853	0	2	0	0
X	131703106	0	5	0	0
X	131712593	3	0	0	0
X	131713295	0	0	0	1
X	131713449	3	0	0	0
X	131713755	4	0	0	0
X	131715337	6	0	0	0
X	131715589	0	0	0	2
X	131720234	0	0	0	1
X	131744037	8	0	0	0
X	131887263	0	0	2	0
X	132024139	0	4	0	0
X	132028087	0	0	1	0
X	132031181	0	2	0	0
X	132033944	1	0	0	0
X	132034563	0	0	338	0
X	132036732	0	0	1	0
X	132217822	1	0	0	0
X	132243234	0	3	0	0
X	132320403	0	0	0	2
X	132356662	1	0	0	0
X	132365201	0	4	0	0
X	132366521	0	4	0	0
X	132384545	0	0	1	0
X	132450953	0	0	2	0
X	133382156	0	0	0	1
X	133389334	0	0	1	0
X	133405383	1	0	0	0
X	133670112	0	1	0	0
X	133869812	0	0	1	0
X	134377958	1	0	0	0
X	134379055	0	0	0	1
X	134380297	0	1	0	0
X	134403018	0	1	0	0
X	134408943	0	0	1	0
X	134411135	1	0	0	0
X	134420332	0	0	1	0
X	134423108	0	0	1	0
X	134427212	1	0	0	0
X	134436764	0	0	0	24
X	134438365	0	0	1	0
X	134461832	0	0	1	0
X	134499326	16	0	0	0
X	134508062	0	0	1	0
X	134523319	0	0	4	0
X	134536513	1	0	0	0
X	134545542	0	0	0	13
X	134545882	3	0	0	0
X	134547388	1	0	0	0
X	134550360	1	0	0	0
X	134603559	0	3	0	0
X	134605963	0	0	0	1
X	134610525	0	0	1	0
X	134621369	0	1	0	0
X	134714876	0	0	1	0
X	134770299	0	0	7	0
X	134782061	0	1	0	0
X	134840367	1	0	0	0
X	134898345	0	0	1	0
X	134903163	1	0	0	0
X	134915525	0	0	1	0
X	135532888	0	1	0	43
X	135712269	0	0	1	0
X	135939606	0	0	1	0
X	135987845	0	0	1	0
X	135991458	0	0	1	0
X	136001237	2	0	0	0
X	136007114	1	0	0	0
X	136017184	0	9	0	0
X	136038966	2	0	0	0
X	136041051	0	0	0	3
X	136045293	0	0	1	0
X	136140912	0	1	0	0
X	136228205	0	0	1	0
X	136228626	0	38	0	0
X	136245487	0	0	0	1
X	136503267	0	9	0	0
X	136512040	0	144	0	0
X	136528252	1	0	0	0
X	136727723	0	0	12	0
X	136876029	0	0	13	0
X	136961284	0	1	0	0
X	137325041	0	0	1	0
X	137330243	0	1	0	0
X	137506960	0	1	0	0
X	139608532	0	1	0	0
X	139664161	0	0	0	1
X	139667331	0	2	0	0
X	139670545	1	0	0	0
X	139674279	0	0	0	1
X	139718974	5	0	0	0
X	139723112	0	1	0	0
X	139791633	2	0	0	0
X	139807732	0	0	0	2
X	139838808	0	2	0	0
X	139848781	0	0	0	2
X	139853663	63	0	1	0
X	139866217	23	0	0	0
X	139867330	0	0	0	1
X	139868097	0	1	0	0
X	139869091	0	0	4	0
X	139869114	0	0	0	7
X	139872003	0	0	0	3
X	139874334	3	0	0	0
X	139875923	0	1	0	0
X	139883407	0	1	0	0
X	139884960	0	0	0	2
X	139885304	0	0	0	1
X	139893961	0	0	2	0
X	139899864	1	0	0	0
X	139907348	0	0	0	3
X	139915957	0	0	0	5
X	139917912	0	0	0	14
X	139922915	1	0	0	0
X	139928678	0	1	0	0
X	140099776	0	1	0	0
X	140179747	1	0	0	0
X	140210952	1	0	0	0
X	142805734	0	0	0	1
X	142821221	0	1	0	0
X	142897651	0	0	0	1
X	142921514	0	1	0	0
X	142952236	0	0	1	0
X	142954268	0	0	0	5
X	142954291	0	5	0	0
X	143883747	0	2	0	0
X	143883756	0	2	0	0
X	143883757	0	2	0	0
X	143883758	0	2	0	0
X	144755909	1	0	0	0
X	145533292	0	0	1	0
X	145783003	0	1	0	0
X	146091781	0	1	0	0
X	146419219	0	1	0	0
X	146445219	0	1	0	0
X	147410122	0	1	0	0
X	147917078	0	0	0	2
X	147926660	2	0	0	0
X	147926701	0	0	0	3
X	147946723	0	0	0	2
X	147950018	0	0	0	2
X	149223788	4	0	0	0
X	149234458	0	0	1	0
X	149234624	0	0	4	0
X	149234666	0	4	0	0
X	149235770	0	0	1	0
X	149244722	0	0	1	0
X	149475290	0	0	0	1
X	149479801	0	26	0	0
X	149480636	0	1	0	0
X	149481619	0	3	0	0
X	149490395	0	149	0	0
X	149498961	0	2	0	0
X	149502870	0	0	0	106
X	149524377	0	1	0	0
X	149524383	0	1	0	0
X	149545838	4	0	0	0
X	149546944	59	0	0	0
X	149547163	0	0	114	0
X	149548352	2	0	0	0
X	149608519	0	46	0	0
X	149936014	0	1	0	2
X	149936066	0	0	2	0
X	149997367	8	0	0	0
X	149997447	22	0	0	0
X	149997454	0	25	0	0
X	150115305	0	0	0	2
X	150549869	1	0	0	0
X	150594698	0	0	1	0
X	150622138	0	6	0	0
X	150636197	0	0	0	1
X	150670341	1	0	0	0
X	150686592	0	2	0	0
X	150695350	0	0	1	0
X	150719544	0	3	0	0
X	150758213	0	2	0	0
X	150758296	3	0	0	0
X	150758767	0	0	2	0
X	150760795	0	0	0	28
X	150766627	0	47	0	0
X	150768240	0	0	1	0
X	150768525	0	0	3	0
X	150788704	1	0	0	0
X	150789192	0	0	1	0
X	150789225	0	0	0	1
X	150789547	0	0	1	0
X	150793197	0	0	1	0
X	150868966	0	1	0	0
X	150876454	0	1	0	0
X	150979073	0	0	1	0
X	150987866	321	0	0	0
X	151363134	0	0	1	0
X	151363198	0	0	1	0
X	151374719	1	0	0	0
X	151387058	0	1	0	0
X	151397451	2	0	0	0
X	151404371	0	0	2	0
X	151405927	0	0	86	0
X	151406913	0	0	1	0
X	151407126	0	4	0	0
X	151422730	0	2	0	0
X	151424291	0	0	3	0
X	151430108	0	1	0	0
X	151433428	0	0	3	0
X	151456496	0	0	0	2
X	151456541	0	0	1	0
X	151474780	0	6	0	0
X	151501320	0	1	0	0
X	151504999	0	1	0	0
X	151514685	0	0	0	2
X	151515776	0	0	1	0
X	151531765	0	2	0	0
X	151533312	0	0	1	0
X	151533347	0	1	0	0
X	152827019	0	0	1	0
X	152827242	0	0	0	13
X	152850288	0	0	0	1
X	152854662	0	0	0	1
X	153039106	0	0	1	0
X	153039476	0	0	0	1
X	153074812	0	0	0	1
X	153352621	0	0	19	0
X	153430069	0	1	0	0
X	153442759	0	0	0	2
X	153442854	0	0	3	0
X	153453297	0	0	0	2
X	153458680	0	3	0	0
X	153459195	4	0	0	0
X	153459510	0	5	0	0
X	153462265	2	0	0	0
X	153464618	1	0	0	0
X	153599474	0	0	3	0
X	153669968	0	0	0	4
X	153701385	0	0	0	1
X	153716203	0	0	5	0
X	153717551	1	0	0	0
X	153744403	0	6	0	0
X	153791203	0	1	0	0
X	153796101	0	0	2	0
X	153798632	0	2	0	0
X	153798922	0	2	0	0
X	153799030	2	0	0	0
X	153910800	0	0	1	0
X	153911505	53	0	0	0
X	153924366	0	0	0	5
X	153924420	0	0	2	0
X	153929006	1	0	2	0
X	153929705	2	0	0	0
X	153930468	0	0	1	0
X	153931677	0	0	0	5
X	153937884	0	1	0	0
X	153942472	12	0	0	0
X	153950289	1	0	0	0
X	153954784	2	0	0	0
X	153955513	0	0	0	2
X	153961020	0	0	0	1
X	153976329	2	0	0	0
X	154000277	0	0	2	0
X	154003460	0	0	0	4
X	154008777	0	3	0	0
X	154013378	0	0	47	0
X	154019032	0	0	1	0
X	154021350	0	0	3	0
X	154032983	0	0	5	0
X	154034473	0	0	8	0
X	154037605	0	0	1	0
X	154051703	0	1	0	0
X	154054274	0	0	0	1
X	154065469	0	0	0	1
X	154075609	1	0	0	0
X	154077555	0	2	0	0
X	154083975	0	0	79	0
X	154084547	0	1	0	0
X	154090467	0	42	0	0
X	154334108	0	0	1	0
X	154348765	0	40	634	0
X	154353564	0	0	1	0
X	154355140	0	0	0	1
X	154356292	0	0	1	0
X	154357459	0	3	0	0
X	154360960	0	7	0	0
X	154363108	0	0	4	0
X	154394242	1	0	0	0
X	154394671	1	0	0	0
X	154396806	0	9	0	0
X	154397685	0	3	0	0
X	154398308	0	7	0	0
X	154398956	0	2	0	0
X	154399645	0	3	0	0
X	154409577	0	0	0	2
X	154414113	0	33	0	0
X	154414600	0	0	13	0
X	154414718	0	22	0	0
X	154428498	0	0	0	1
X	154429112	2	0	0	0
X	154430408	0	6	0	0
X	154430512	0	0	8	0
X	154447205	0	0	1	0
X	154450358	0	0	0	1
X	154476372	5	0	0	0
X	154477925	0	4	1180	0
X	154480379	0	1	0	0
X	154496485	0	0	1	2
X	154504827	0	1	0	0
X	154505291	2	0	0	0
X	154506566	0	0	0	63
X	154532439	2	0	0	0
X	154535277	0	0	0	1
X	154538285	1	0	0	0
X	154679138	0	0	0	1
X	154791839	14	0	0	0
X	154796298	0	0	1	1
X	154802735	0	1	0	0
X	154859777	0	0	1	0
X	154860563	0	0	0	1
X	154865580	0	0	0	2
X	154929926	0	0	1	0
X	154930010	0	0	1	0
X	155057004	0	0	1	0
X	155059935	0	0	0	1
X	155073676	0	0	2	0
X	155075967	0	0	1	0
X	155114661	0	5	0	0
X	155117516	0	0	1	0
X	155121350	0	0	0	12
X	155122975	0	0	142	0
X	155124875	0	0	5	0
X	155129793	0	1	0	0
X	155129873	1	0	1	0
X	155223241	0	0	0	2
X	155401848	1	0	0	0
X	155467163	0	0	0	1
X	155740834	0	0	1	0
X	155999957	0	11	0	0
X	156001951	0	0	18	0
X	156007766	0	1	0	0
X	156008220	1	0	0	0
X	156025066	5	0	1	0
X	156025084	0	0	14	0
X	156025318	0	0	96	0
X	156025332	105	0	0	0
X	156025488	120	0	34	0
