X	255610	0	0	0	1
X	255647	0	0	0	1
X	255650	0	0	0	1
X	267951	0	0	0	14
X	289793	0	0	2	0
X	289803	0	0	2	0
X	289837	0	2	0	0
X	291767	0	0	1	0
X	292909	0	0	2	0
X	293645	1	0	0	0
X	294227	5	0	0	0
X	296297	1	0	0	0
X	299629	0	2	0	1
X	299800	6	14	4	0
X	299881	0	16	0	4
X	299905	0	15	0	4
X	305038	469	0	297	0
X	306221	0	1	0	0
X	314479	0	0	0	1
X	314500	0	0	0	1
X	315276	0	5	0	5
X	318190	1	0	0	0
X	319877	0	0	0	1
X	320027	1	0	0	0
X	325405	0	1	0	0
X	334065	0	0	0	1
X	334124	0	1	0	3
X	334362	0	28	0	18
X	337560	4	0	0	0
X	338625	16	0	24	0
X	345074	0	2	0	3
X	345249	0	0	1	0
X	348437	0	0	1	0
X	356262	1	0	0	0
X	356275	0	1	0	0
X	356360	0	1	0	0
X	380560	0	0	12	12
X	383653	0	4	0	0
X	387577	0	0	0	2
X	391451	0	1	0	0
X	391579	1	0	0	0
X	394071	0	0	1	0
X	404123	0	3	0	1
X	404139	4	0	0	0
X	404149	4	0	0	0
X	404150	0	4	0	0
X	404156	0	4	0	0
X	405577	0	1	0	0
X	405658	0	2	0	3
X	405889	0	4	0	5
X	405939	3	0	6	0
X	411435	0	0	1	0
X	411747	0	1	0	0
X	411804	1	0	1	0
X	418918	0	0	0	1
X	419331	0	0	0	1
X	419413	1	0	0	0
X	419509	0	0	0	1
X	419601	0	0	1	0
X	420745	0	0	1	0
X	445937	0	2	0	0
X	696597	1	0	1	0
X	696602	0	1	0	0
X	696651	0	1	0	1
X	696654	0	0	2	0
X	696706	0	0	1	0
X	783071	0	0	0	1
X	783079	0	0	0	1
X	783080	0	0	1	0
X	783089	0	0	0	1
X	783092	0	0	1	0
X	783099	0	0	1	0
X	783141	0	1	0	0
X	942021	0	0	0	1
X	959555	0	0	1	0
X	959694	0	0	0	1
X	964639	0	0	0	1
X	964672	0	0	1	0
X	969623	0	0	0	2
X	991462	0	0	2	0
X	993473	1	0	0	0
X	993930	0	0	3	0
X	994033	0	8	2	0
X	994182	0	13	0	2
X	995253	0	0	0	1
X	995316	0	1	0	0
X	1023718	0	0	2	0
X	1025151	0	0	0	1
X	1025167	0	1	0	0
X	1028213	1	0	0	0
X	1029617	2	0	0	0
X	1029625	2	0	0	0
X	1029650	0	0	4	0
X	1197217	0	1	0	0
X	1197611	0	0	0	1
X	1207837	0	0	0	6
X	1207838	0	0	0	6
X	1207840	0	0	6	0
X	1207978	0	0	0	5
X	1208053	0	0	0	1
X	1219473	0	0	2	0
X	1233671	0	0	0	2
X	1233693	0	3	0	0
X	1238922	0	0	1	0
X	1242773	0	0	0	2
X	1242781	0	2	0	0
X	1242782	0	0	0	2
X	1242791	0	2	0	0
X	1249914	0	0	1	0
X	1260946	0	0	0	1
X	1261689	0	0	0	1
X	1262049	0	1	0	0
X	1268954	0	1	0	0
X	1269509	0	1	0	0
X	1272185	0	2	0	0
X	1277693	0	0	1	0
X	1284201	0	0	0	36
X	1287301	0	0	1	0
X	1287302	0	0	0	1
X	1301224	1	0	0	0
X	1305214	1	0	0	0
X	1305282	0	1	0	0
X	1306855	1	0	0	0
X	1307018	1	0	0	0
X	1307995	0	0	0	1
X	1326321	0	0	2	0
X	1326599	0	1	0	0
X	1326782	0	0	2	1
X	1344878	0	2	0	0
X	1346295	0	2	0	3
X	1346364	0	0	5	0
X	1346371	4	0	1	0
X	1346644	0	0	4	0
X	1347906	2	0	2	0
X	1348068	0	1	0	0
X	1348212	0	0	0	2
X	1348511	0	1	0	0
X	1349824	2	0	2	0
X	1349888	0	2	2	0
X	1350200	4	0	2	0
X	1351667	0	2	0	0
X	1351909	0	0	0	2
X	1352044	0	1	0	1
X	1356428	1	0	0	0
X	1356541	1	0	1	0
X	1361666	20	0	0	20
X	1362634	0	10	0	11
X	1362690	6	0	6	0
X	1362807	2	0	3	0
X	1363126	0	1	0	0
X	1363393	0	0	0	1
X	1363436	0	1	1	0
X	1363494	2	0	1	0
X	1377633	1	0	1	0
X	1377728	0	1	3	0
X	1377729	0	3	1	0
X	1378751	0	15	29	0
X	1378794	0	0	1	0
X	1381244	0	0	0	1
X	1381948	0	0	0	4
X	1382578	0	103	0	46
X	1383110	0	8	3	0
X	1383820	0	0	0	1
X	1384474	0	2	0	4
X	1384500	0	3	0	2
X	1385385	14	0	23	0
X	1385505	0	16	15	0
X	1389431	48	0	60	0
X	1389690	0	21	0	15
X	1391100	0	2	1	0
X	1392191	0	2	0	0
X	1392435	2	0	0	0
X	1392611	0	1	0	0
X	1392895	0	2	0	0
X	1392941	0	1	0	0
X	1393208	0	2	0	0
X	1393383	2	0	0	0
X	1393647	0	0	5	0
X	1393680	4	0	0	0
X	1394019	1	0	0	0
X	1397221	9	1	0	0
X	1399285	0	56	0	43
X	1407049	0	0	3	0
X	1407060	0	0	5	0
X	1411420	0	0	0	1
X	1411988	0	0	9	4
X	1412107	7	0	6	0
X	1412291	1	0	0	0
X	1412311	0	0	0	1
X	1412315	0	0	1	0
X	1412320	0	0	0	1
X	1412372	0	1	0	0
X	1412523	0	2	0	0
X	1412549	0	0	1	0
X	1412564	0	0	0	1
X	1412755	0	39	0	39
X	1412872	0	1	0	0
X	1412877	0	0	0	2
X	1412945	1	0	0	0
X	1413069	0	5	1	0
X	1413244	0	1	5	0
X	1413254	0	6	0	1
X	1415053	0	0	2	0
X	1424678	0	0	1	0
X	1426722	1	0	1	0
X	1426735	0	1	0	1
X	1427899	3	0	2	0
X	1427983	4	0	1	0
X	1428177	0	1	0	0
X	1428198	1	0	0	0
X	1429138	1	0	1	0
X	1429558	3	0	1	0
X	1432077	0	1	1	0
X	1432656	0	1	0	0
X	1434342	0	0	8	0
X	1435756	0	1	0	3
X	1436260	0	0	1	0
X	1436264	0	1	0	0
X	1436266	0	0	1	0
X	1436303	0	0	0	1
X	1436497	0	1	0	1
X	1436542	0	1	0	1
X	1436927	0	1	0	0
X	1438207	1	0	0	0
X	1451620	0	0	0	1
X	1451683	0	1	0	0
X	1451698	0	0	0	1
X	1452221	0	2	0	0
X	1456520	3	0	6	0
X	1456689	0	5	0	0
X	1457426	0	0	1	0
X	1460609	0	0	0	2
X	1461666	13	0	19	0
X	1461849	0	3	0	0
X	1461865	2	0	0	0
X	1465086	0	1	0	0
X	1466951	0	9	0	9
X	1467051	0	0	10	12
X	1467056	0	10	0	11
X	1467408	1	0	0	0
X	1467533	0	0	1	0
X	1468319	0	0	2	0
X	1470053	6	3	0	0
X	1470310	2	0	1	0
X	1471162	0	1	0	2
X	1471764	11	0	13	0
X	1471940	0	2	0	1
X	1472111	0	1	0	0
X	1472263	0	0	0	1
X	1472308	0	1	1	0
X	1472314	1	0	1	0
X	1472356	1	0	1	0
X	1472454	2	0	0	0
X	1473438	0	1	0	0
X	1476631	1	0	0	0
X	1477897	0	1	0	0
X	1478675	0	2	0	1
X	1478770	0	0	1	4
X	1478792	0	0	0	4
X	1478828	2	0	0	0
X	1478856	1	0	0	0
X	1479395	0	0	2	0
X	1480383	0	5	0	7
X	1480420	0	0	14	17
X	1480446	21	0	22	0
X	1480687	11	0	5	0
X	1482214	0	0	0	2
X	1484492	46	0	0	37
X	1484498	35	0	44	0
X	1484669	2	0	0	10
X	1486144	1	0	0	0
X	1489436	0	0	0	1
X	1493056	3	0	2	0
X	1493161	2	0	2	0
X	1493548	0	0	1	0
X	1494697	2	0	0	0
X	1494964	0	12	0	17
X	1494970	14	0	22	0
X	1495126	0	39	0	64
X	1495355	1	0	2	0
X	1497119	0	5	3	0
X	1497141	0	3	4	0
X	1497179	4	0	2	0
X	1497235	1	0	0	0
X	1497529	19	0	12	0
X	1498871	5	0	2	0
X	1499168	0	0	0	4
X	1499332	55	0	28	0
X	1499445	25	0	36	0
X	1499510	0	16	0	18
X	1500060	3	1	3	0
X	1500148	2	0	2	0
X	1500153	0	2	2	0
X	1500162	0	0	1	2
X	1501258	0	0	2	0
X	1501593	12	0	0	12
X	1501944	0	3	0	8
X	1502069	0	3	0	12
X	1502088	10	0	0	2
X	1502158	7	0	3	0
X	1504524	3	0	3	0
X	1505414	0	0	1	0
X	1505549	0	0	2	0
X	1505644	2	0	0	0
X	1505667	2	0	2	0
X	1505855	0	0	1	0
X	1506079	12	0	9	0
X	1507351	0	0	1	0
X	1507378	0	0	1	0
X	1513022	0	0	0	2
X	1515448	0	7	0	8
X	1515801	1	2	0	0
X	1515830	2	0	2	0
X	1516482	0	0	1	0
X	1516491	0	1	0	0
X	1516736	2	0	0	0
X	1516772	0	0	2	0
X	1517862	1	0	1	0
X	1517925	1	0	1	0
X	1517979	0	3	0	0
X	1518065	0	0	0	4
X	1518232	0	4	0	1
X	1520114	2	0	7	0
X	1521478	0	5	0	13
X	1521680	0	0	2	2
X	1521853	0	0	0	1
X	1522817	0	2	0	0
X	1523048	1	0	0	0
X	1524307	0	0	0	5
X	1524421	0	1	0	0
X	1524425	0	1	0	0
X	1524429	0	1	0	0
X	1524433	0	1	0	0
X	1525004	0	0	1	0
X	1525194	0	0	1	0
X	1525385	0	1	0	0
X	1525440	0	1	0	1
X	1525950	7	0	0	4
X	1526322	6	7	0	0
X	1526443	3	0	4	0
X	1526531	0	0	3	0
X	1526923	0	8	0	8
X	1526959	0	17	0	12
X	1527233	0	43	0	47
X	1527243	43	0	39	0
X	1527380	19	16	0	0
X	1527851	11	0	9	0
X	1527872	0	8	0	7
X	1528804	1	0	0	0
X	1528916	0	0	0	1
X	1529312	1	0	0	0
X	1529504	0	0	1	0
X	1529884	0	0	1	2
X	1529890	2	0	1	0
X	1529989	1	2	0	0
X	1530066	0	0	0	1
X	1530180	0	1	0	0
X	1530184	0	1	0	0
X	1530203	0	1	0	0
X	1532592	6	0	4	0
X	1532660	12	0	5	0
X	1532727	0	18	0	9
X	1532791	0	15	24	0
X	1532997	0	0	0	7
X	1537954	0	3	0	1
X	1538189	0	0	0	2
X	1538619	0	0	5	0
X	1538677	2	0	0	0
X	1538737	0	0	1	0
X	1538843	0	2	1	0
X	1539449	1	1	0	0
X	1539482	0	0	1	0
X	1539512	0	0	0	1
X	1540643	0	0	1	0
X	1540657	0	1	0	0
X	1571682	0	0	0	1
X	1582830	0	1	0	0
X	1582850	0	0	0	1
X	1583787	0	1	0	0
X	1583803	0	0	1	0
X	1584673	0	0	1	0
X	1584714	0	1	0	0
X	1590887	3	2	0	0
X	1590894	3	0	2	0
X	1591035	1	0	0	0
X	1591176	0	0	2	0
X	1594128	0	446	0	427
X	1595720	0	1	0	0
X	1602270	0	0	164	171
X	1603300	1	0	0	0
X	1605318	0	0	0	2
X	1605527	9	0	3	0
X	1605989	0	0	0	1
X	1606018	1	0	0	0
X	1609159	0	0	1	0
X	1611574	0	1	0	0
X	1611584	0	1	0	0
X	1611589	0	0	0	1
X	1611624	0	0	0	1
X	1612103	0	1	0	0
X	1612127	1	0	0	0
X	1612128	0	0	0	1
X	1652853	0	0	1	0
X	1652883	0	0	1	0
X	1658204	0	1	0	0
X	1658214	0	0	1	0
X	1669842	1	0	0	0
X	1669849	0	1	0	0
X	1669850	1	0	0	0
X	1669858	1	0	0	0
X	1669875	0	2	0	0
X	1669935	5	0	0	0
X	1670071	0	0	3	0
X	1670481	1	0	0	0
X	1670867	0	16	0	5
X	1670915	0	11	5	0
X	1671324	0	2	0	2
X	1671571	1	0	0	0
X	1671766	1	0	0	0
X	1677717	3	0	4	0
X	1678026	0	5	0	1
X	1678035	0	5	0	1
X	1678061	3	0	0	1
X	1678252	1	0	2	0
X	1679393	1	0	3	0
X	1681022	2	0	6	0
X	1684781	1	0	0	0
X	1687494	0	3	0	6
X	1688173	2	0	0	1
X	1688285	0	0	0	1
X	1690935	0	0	0	1
X	1692360	6	0	7	0
X	1692396	6	0	6	0
X	1692440	0	0	2	4
X	1692758	0	0	0	1
X	1692761	0	0	0	1
X	1692942	1	0	0	2
X	1693221	0	0	1	0
X	1693487	0	0	0	1
X	1694071	1	0	1	0
X	1696118	0	3	0	3
X	1708415	0	0	2	0
X	1713008	0	0	1	0
X	1714540	0	1	1	0
X	1714584	0	1	0	1
X	1714699	0	1	0	0
X	1715091	2	2	0	0
X	1715350	0	4	0	0
X	1715389	0	0	0	2
X	1715734	1	0	1	0
X	1718002	0	0	1	0
X	1726733	0	0	0	1
X	1730168	3	0	1	0
X	1730854	0	1	0	1
X	1731702	0	1	0	5
X	1731860	0	3	0	0
X	1732483	0	1	0	0
X	1736280	0	0	0	1
X	1736705	0	0	1	0
X	1737290	0	0	1	0
X	1738962	0	0	0	11
X	1739040	0	0	0	12
X	1740794	1	0	1	0
X	1741477	4	0	4	0
X	1741979	1	0	1	0
X	1742415	5	0	10	0
X	1742679	0	2	0	0
X	1743023	0	0	1	0
X	1744089	0	2	0	0
X	1744213	0	2	0	0
X	1744353	0	6	0	9
X	1745221	0	3	0	1
X	1753613	0	0	2	0
X	1754773	0	0	5	0
X	1758013	0	0	0	1
X	1761789	0	0	0	1
X	1762255	0	2	0	0
X	1762856	0	2	3	0
X	1763141	0	4	0	2
X	1765902	2	0	0	0
X	1766155	0	0	0	1
X	1766171	1	0	0	0
X	1768760	1	0	0	0
X	1769695	5	0	0	0
X	1769729	0	5	0	0
X	1772412	0	3	0	0
X	1772457	0	0	0	3
X	1772494	0	0	3	0
X	1774155	0	2	0	0
X	1774196	0	5	0	0
X	1774322	0	0	1	3
X	1780476	0	0	0	1
X	1781513	0	0	1	0
X	1782524	0	0	8	14
X	1782610	6	0	0	0
X	1782894	0	2	1	0
X	1782976	0	10	0	2
X	1839423	0	0	0	1
X	1839460	0	2	0	0
X	1900737	0	0	1	0
X	1900808	1	0	0	0
X	1900959	0	0	0	1
X	1900961	0	0	0	1
X	1900985	0	0	0	1
X	1920370	0	1	0	0
X	1928757	0	0	2	0
X	1929461	1	0	0	0
X	1930678	3	0	0	0
X	1934169	0	0	1	0
X	1936177	0	0	0	1
X	1941292	4	0	0	0
X	1941296	4	0	0	0
X	1942145	0	2	0	0
X	1942152	0	0	0	2
X	1942193	0	0	0	6
X	1942245	0	0	12	0
X	1942272	0	0	11	0
X	1944414	1	0	0	0
X	1944419	0	1	0	0
X	1945306	0	0	1	0
X	1945309	0	0	0	1
X	2159642	0	0	1	0
X	2159676	0	0	1	0
X	2160058	0	0	3	0
X	2160271	1	0	0	0
X	2160554	0	0	0	1
X	2160602	0	0	1	0
X	2160623	1	0	0	0
X	2160807	0	0	0	1
X	2160848	1	0	0	0
X	2161186	0	2	0	0
X	2161245	0	0	0	3
X	2161255	0	0	3	0
X	2161331	0	0	1	0
X	2167455	0	0	2	0
X	2167867	0	1	1	0
X	2169643	0	4	1	0
X	2169693	0	3	0	0
X	2169752	0	1	0	0
X	2170358	0	2	0	0
X	2197083	1	0	6	0
X	2289647	0	1	0	0
X	2291894	0	0	1	0
X	2326055	2	0	1	0
X	2337528	0	2	0	0
X	2337972	0	0	0	1
X	2337974	1	0	0	0
X	2338162	0	0	2	0
X	2339558	1	7	0	0
X	2340519	0	0	3	1
X	2340554	0	1	0	3
X	2340577	4	1	0	0
X	2346721	0	1	0	0
X	2346724	0	0	0	1
X	2347428	0	0	2	3
X	2348698	0	0	0	1
X	2349310	2	0	0	1
X	2351068	0	0	0	2
X	2355796	0	0	2	0
X	2358824	0	2	0	0
X	2359397	2	0	3	0
X	2359417	0	2	0	2
X	2359449	1	0	1	0
X	2360400	0	1	0	2
X	2364867	1	0	0	0
X	2370408	0	0	3	0
X	2371022	0	0	0	2
X	2372840	7	0	9	0
X	2372894	0	5	7	0
X	2373213	0	0	0	1
X	2378018	1	0	7	0
X	2378530	0	0	0	1
X	2379608	0	0	0	3
X	2380684	0	1	0	0
X	2387078	0	32	0	53
X	2387550	0	28	0	10
X	2390836	0	7	0	6
X	2392452	11	0	11	0
X	2396448	0	2	2	0
X	2396451	0	2	0	1
X	2396481	3	5	0	0
X	2397459	1	0	0	0
X	2397955	0	1	0	0
X	2399001	0	2	0	2
X	2403744	0	0	0	1
X	2406693	2	0	8	0
X	2408170	0	0	4	11
X	2409920	0	4	2	0
X	2410061	0	1	0	2
X	2411480	3	0	0	0
X	2425172	0	1	0	0
X	2431135	0	1	0	0
X	2449653	1	0	0	0
X	2449749	0	0	1	0
X	2449991	1	0	0	0
X	2450921	0	0	0	1
X	2453754	0	2	0	1
X	2454179	0	0	2	2
X	2454255	0	0	2	3
X	2454840	0	0	0	1
X	2454865	1	0	0	0
X	2455561	4	0	1	0
X	2465143	0	0	0	1
X	2466659	0	3	0	3
X	2467800	0	4	0	2
X	2467818	0	2	0	4
X	2467898	0	0	1	0
X	2471764	0	1	0	0
X	2471816	0	1	0	1
X	2471847	0	0	1	1
X	2471921	0	0	1	0
X	2480289	1	0	0	0
X	2486578	86	0	91	0
X	2487355	0	1	0	0
X	2488489	37	0	23	0
X	2500497	0	4	0	1
X	2522545	0	0	1	1
X	2571823	1	0	0	0
X	2575837	0	0	1	0
X	2576089	0	0	0	1
X	2578997	0	0	0	1
X	2615840	0	5	0	0
X	2621843	0	0	1	2
X	2627131	0	11	0	2
X	2627167	0	2	6	0
X	2638626	0	1	0	0
X	2641696	1	0	0	0
X	2644986	2	0	10	0
X	2645298	0	1	0	0
X	2645299	1	0	0	0
X	2645790	2	0	0	0
X	2645798	0	0	0	2
X	2645939	0	7	0	2
X	2645973	0	7	3	0
X	2646009	0	4	0	6
X	2647791	2	0	1	0
X	2648075	1	0	0	1
X	2648082	0	1	0	1
X	2649162	0	0	0	1
X	2649196	0	1	0	0
X	2649204	0	0	1	0
X	2651376	0	0	4	1
X	2651467	3	0	1	0
X	2651531	0	0	1	0
X	2652630	0	1	0	0
X	2691708	0	0	0	1
X	2696071	0	0	1	0
X	2706483	0	1	0	0
X	2709788	0	2	0	0
X	2712340	0	0	2	0
X	2714148	0	0	1	0
X	2714231	0	0	0	1
X	2714441	0	9	0	7
X	2715433	0	0	2	0
X	2715566	0	0	1	0
X	2724525	0	1	0	3
X	2724771	0	4	22	0
X	2725050	3	0	1	0
X	2730014	0	0	0	2
X	2733525	0	17	0	18
X	2735511	0	2	0	0
X	2735872	2	0	0	0
X	2736247	3	0	0	0
X	2737322	0	0	0	1
X	2737325	0	0	1	0
X	2737334	0	1	0	0
X	2738217	49	0	31	0
X	2738394	2	0	0	0
X	2741191	0	399	0	654
X	2742164	0	1	0	3
X	2743811	1	0	0	0
X	2743815	1	0	0	0
X	2743837	0	1	0	0
X	2744076	1	0	1	0
X	2760581	1	0	0	0
X	2760583	1	0	0	0
X	2766725	0	0	0	1
X	2801918	1	0	0	0
X	2801929	0	0	0	1
X	2904212	0	6	0	0
X	2914698	0	1	0	0
X	2914701	0	0	1	0
X	2915257	0	2	0	0
X	2915279	0	2	0	0
X	2915311	0	4	0	0
X	2915815	0	1	0	0
X	2916799	0	1	0	0
X	3557887	0	0	1	0
X	3612334	0	0	0	1
X	3612697	1	0	0	0
X	3612748	0	1	0	0
X	3615403	0	1	0	0
X	3634025	0	0	0	1
X	3635875	1	0	4	0
X	3637613	1	0	0	0
X	3637843	0	0	0	2
X	3637894	5	0	4	0
X	3638521	0	0	1	0
X	3643870	0	2	0	0
X	3644215	0	5	0	8
X	3659723	0	0	0	1
X	3659810	0	2	0	0
X	3662424	5	0	7	0
X	3662462	6	0	11	0
X	3662690	0	0	2	0
X	3662754	0	1	0	1
X	3666907	0	2	0	0
X	3674684	0	0	1	0
X	3675618	0	0	2	0
X	3677536	0	0	3	0
X	3682260	0	0	0	2
X	3693703	0	2	0	4
X	3695532	5	3	0	0
X	3695850	0	0	1	0
X	3696586	0	1	0	0
X	3697720	0	0	8	5
X	3697721	0	0	6	8
X	3697755	0	8	0	7
X	3697767	0	8	0	7
X	3699852	2	0	1	0
X	3701483	3	0	0	0
X	3701618	0	1	0	0
X	3703869	0	3	0	6
X	3703892	0	6	0	3
X	3704745	0	0	0	2
X	3706646	0	0	1	0
X	3710767	0	1	0	0
X	3711839	0	0	0	3
X	3711877	0	0	2	0
X	3818960	1	0	0	0
X	3820463	0	1	0	0
X	4893163	2	0	0	0
X	5296835	1	0	0	0
X	5674108	0	0	0	1
X	5719309	0	0	0	1
X	6518639	2	0	0	0
X	6518642	2	0	0	0
X	6518644	1	0	0	0
X	6697494	0	0	0	2
X	6731410	0	1	0	0
X	6770582	0	1	0	0
X	6858537	0	3	0	4
X	6860482	0	0	2	0
X	6860660	0	0	0	2
X	6911420	0	1	0	1
X	6914089	0	0	0	1
X	6922152	0	1	0	0
X	6941426	0	1	0	1
X	6947478	0	1	0	0
X	6955361	0	3	0	3
X	6955423	0	2	0	6
X	6955589	0	0	2	0
X	6962245	0	0	1	0
X	6962288	0	0	0	1
X	6968910	0	0	5	0
X	7163324	0	0	1	0
X	7164393	0	2	0	2
X	8506100	1	0	0	0
X	8609943	0	2	0	0
X	8616207	0	0	0	1
X	9498034	0	0	1	0
X	9500337	0	0	1	0
X	9503397	0	0	0	1
X	9503971	0	5	0	0
X	9505354	0	0	4	0
X	9505565	3	0	0	0
X	9506956	1	2	0	0
X	9508950	0	0	1	0
X	9525865	2	1	0	0
X	9527219	0	0	0	1
X	9547101	8	0	0	0
X	9547577	0	1	0	14
X	9557385	1	0	0	0
X	9558448	0	1	0	0
X	9564248	0	2	0	1
X	9564508	1	0	1	0
X	9564710	0	8	0	0
X	9564719	0	0	6	0
X	9565595	9	0	2	0
X	9565679	5	0	2	0
X	9613712	6	0	1	0
X	9691093	2	4	0	0
X	9694908	3	0	0	0
X	9699178	2	0	0	0
X	9703045	0	1	0	0
X	9710000	0	0	0	3
X	9711192	0	0	2	0
X	9713666	1	0	6	0
X	9716912	0	0	0	4
X	9722063	0	0	2	0
X	9730938	1	0	0	0
X	9755070	0	1	0	0
X	9941730	0	1	0	0
X	9946907	0	0	2	0
X	10085259	6	0	0	0
X	10085327	1	0	6	0
X	10098028	0	0	1	0
X	10130785	4	0	0	0
X	10139016	2	0	0	0
X	10139201	0	12	1	0
X	10139289	1	0	3	0
X	10152968	0	0	1	0
X	10237541	1	0	0	0
X	10344705	0	1	0	0
X	10348942	0	2	0	0
X	10689851	0	1	0	0
X	10790349	2	0	0	0
X	10796630	0	0	4	0
X	10848322	0	0	0	1
X	11093392	4	0	0	0
X	11128852	0	0	2	0
X	11152943	1	0	0	0
X	11226327	0	0	0	3
X	11230415	0	0	0	2
X	11427125	0	1	0	0
X	11441800	0	1	0	0
X	11444272	0	0	0	1
X	11492379	0	2	0	1
X	11553652	0	1	0	0
X	11615104	1	0	0	0
X	11624741	0	0	0	1
X	11693155	0	2	0	0
X	11735126	0	2	0	2
X	11759172	3	0	0	0
X	11760352	0	0	0	3
X	11761419	0	0	2	0
X	11765145	0	2	0	0
X	11765172	0	2	0	0
X	11766227	0	0	1	1
X	12645481	1	0	0	0
X	12807520	0	1	0	2
X	12808017	2	0	5	0
X	12812290	0	0	8	1
X	12812503	0	12	0	5
X	12812706	2	0	0	0
X	12815657	0	0	0	1
X	12817436	0	1	0	0
X	12821033	0	0	1	0
X	12821207	0	0	2	0
X	12821412	0	0	0	3
X	12821433	0	2	0	0
X	12889539	0	17	3	0
X	12891447	0	0	2	0
X	12892500	0	0	9	2
X	12901165	0	0	0	1
X	12940130	0	0	1	0
X	12940174	0	1	0	0
X	12956487	0	0	0	1
X	12965184	0	0	1	0
X	12965800	0	1	0	0
X	12965820	0	0	1	0
X	12976131	107	0	24	0
X	12978193	0	1	0	0
X	12979350	0	0	0	5
X	12979640	0	0	2	0
X	12984788	0	0	1	0
X	12988623	0	3	0	0
X	12989672	1	0	0	0
X	12999619	1	0	0	0
X	13000258	0	0	2	0
X	13005605	0	2	0	2
X	13005622	2	0	2	0
X	13005705	9	0	2	0
X	13005960	0	2	0	4
X	13008392	3	0	0	0
X	13009516	1	0	0	0
X	13046826	0	0	0	2
X	13046827	0	0	2	0
X	13064081	0	4	0	1
X	13069324	0	1	0	0
X	13087137	0	1	0	2
X	13091869	3	0	0	1
X	13098097	1	0	0	0
X	13098774	1	0	0	0
X	13361578	0	1	0	0
X	13378884	0	1	0	0
X	13379117	0	0	24	0
X	13379278	0	1	0	0
X	13415341	0	1	0	0
X	13488654	0	1	0	0
X	13657951	0	0	0	1
X	13662996	0	6	0	4
X	13663519	0	4	0	1
X	13663560	0	0	1	0
X	13664458	0	0	4	0
X	13664596	4	0	12	0
X	13665051	0	0	2	0
X	13666313	0	0	0	5
X	13670785	0	1	0	0
X	13671432	0	0	0	1
X	13671534	1	0	2	0
X	13672032	1	0	0	2
X	13675889	2	0	0	0
X	13685082	0	0	0	1
X	13685170	0	0	0	1
X	13691388	9	0	48	0
X	13695943	2	0	10	0
X	13704717	0	2	0	0
X	13706878	0	0	3	0
X	13707822	0	0	2	0
X	13711373	1	0	0	0
X	13712668	0	15	10	0
X	13713355	1	0	6	0
X	13713577	0	5	7	0
X	13714775	0	1	0	0
X	13716420	0	4	0	3
X	13721755	8	0	15	0
X	13722839	0	0	2	0
X	13722937	0	2	0	0
X	13747172	1	0	1	0
X	13779144	2	0	0	0
X	13934003	2	0	0	0
X	13934005	0	2	0	0
X	14027809	4	0	0	0
X	14172744	0	0	1	0
X	14642799	0	2	0	0
X	14748182	1	0	0	0
X	14766898	0	0	0	1
X	14834690	0	0	1	0
X	14840472	0	0	0	2
X	14841533	1	0	0	0
X	14843163	0	0	0	1
X	14852287	0	0	8	0
X	14861185	0	0	2	0
X	14862222	4	0	0	0
X	14864431	0	0	1	0
X	14869025	0	0	1	0
X	14884767	1	0	0	0
X	14915323	0	15	0	1
X	14960522	0	1	0	0
X	14960737	0	0	0	1
X	14962606	0	0	0	1
X	14967064	0	1	0	0
X	14967145	0	0	1	0
X	15041263	0	0	0	2
X	15107336	0	1	0	0
X	15183195	0	0	0	1
X	15267466	0	1	0	0
X	15441598	0	1	0	0
X	15442539	0	1	0	0
X	15445879	3	0	0	0
X	15445885	0	0	0	3
X	15445891	0	0	3	0
X	15466272	7	0	0	0
X	15484503	0	2	0	0
X	15484606	0	1	0	0
X	15486076	0	0	2	0
X	15806393	1	0	2	0
X	16685693	0	2	0	0
X	16707744	2	0	0	0
X	16726898	0	0	1	0
X	16728863	0	1	0	0
X	16729821	0	0	2	0
X	16737151	0	0	1	0
X	16738396	0	1	0	2
X	16750863	0	0	0	1
X	16753238	0	1	0	0
X	16767004	0	2	0	0
X	16786332	0	2	0	0
X	16789477	0	1	1	0
X	16790040	0	1	0	3
X	16793770	1	0	1	0
X	16802407	0	0	0	1
X	16806945	1	0	0	0
X	16812892	0	0	4	8
X	16813414	3	0	4	0
X	16821054	0	0	0	1
X	16821792	0	0	0	5
X	16821817	0	0	0	4
X	16821822	0	4	0	0
X	16822319	0	2	0	4
X	16826708	0	0	2	0
X	16830475	0	0	0	1
X	16832463	3	0	0	0
X	16834204	0	4	0	0
X	16840653	0	0	0	2
X	16842011	0	7	0	1
X	16842790	3	0	1	0
X	16843370	0	0	0	2
X	16843978	1	0	0	0
X	16847992	0	0	0	1
X	16855527	0	0	0	1
X	16864692	0	0	0	8
X	16866150	1	0	1	0
X	16868458	0	0	0	4
X	16869532	0	5	0	0
X	16904094	0	0	0	1
X	18525849	0	0	0	2
X	18677990	0	0	0	1
X	18680828	0	1	0	0
X	18753935	0	0	3	0
X	19581695	0	16	0	1
X	19616322	7	0	3	0
X	19705762	0	0	4	0
X	19774312	2	0	0	0
X	19817564	0	2	0	0
X	19938714	0	0	0	1
X	19945893	0	0	0	1
X	20245263	0	0	2	0
X	21431696	1	0	0	0
X	21830456	0	0	1	0
X	21830490	0	0	0	1
X	21841466	1	0	0	0
X	21843316	0	0	1	0
X	21855729	1	0	0	0
X	21857994	0	0	1	0
X	21859306	1	0	1	0
X	21859763	2	0	0	0
X	21859847	0	3	0	12
X	21859915	20	0	0	3
X	21859919	0	20	0	2
X	21861510	0	0	9	1
X	21861517	0	1	10	0
X	21864422	0	2	0	0
X	21870987	0	0	0	1
X	21882577	0	0	2	1
X	21891637	0	0	1	0
X	21892365	0	0	1	0
X	21909236	0	0	1	0
X	21910742	0	0	0	3
X	21910743	0	0	3	0
X	21910744	0	0	3	0
X	21913551	1	0	1	0
X	21923896	0	0	0	7
X	21924439	0	0	1	0
X	21979611	1	5	0	0
X	21983681	6	0	0	0
X	21983750	0	0	0	4
X	21983811	0	3	0	0
X	21986065	0	0	5	0
X	21988387	0	0	0	1
X	21996089	0	2	0	1
X	21998020	1	0	0	0
X	22009925	0	3	0	0
X	22017851	0	15	0	0
X	22017890	0	0	12	0
X	22018127	0	0	1	0
X	22019090	1	0	0	0
X	22036059	0	0	0	1
X	22036061	0	0	0	1
X	22036063	0	0	0	1
X	22460185	1	0	0	0
X	22682656	0	0	1	0
X	22702739	0	1	0	0
X	22778789	1	0	0	0
X	22778845	0	0	1	0
X	22912634	0	0	0	1
X	23665605	0	0	0	1
X	23668070	0	1	0	0
X	23669220	1	0	0	0
X	23669745	0	0	0	9
X	23673582	0	0	2	0
X	23674626	0	1	0	0
X	23676359	1	0	0	0
X	23677119	0	0	0	1
X	23679368	0	0	3	0
X	23680567	0	1	0	0
X	23680746	0	0	0	1
X	23682356	0	0	1	0
X	23682576	2	0	2	0
X	23683965	0	0	2	0
X	23684794	2	0	0	1
X	23701436	0	0	0	2
X	23702547	0	0	13	0
X	23707607	0	0	0	1
X	23717242	1	0	0	0
X	23718524	0	0	0	4
X	23740367	2	0	0	0
X	23743269	0	1	0	0
X	23743886	0	0	0	1
X	23743902	0	1	0	0
X	23743905	0	1	0	0
X	23781232	2	0	0	0
X	23783476	0	0	1	0
X	23783585	0	1	0	0
X	23980899	0	0	1	0
X	24055644	0	7	0	9
X	24056464	0	0	1	0
X	24060935	0	2	0	1
X	24063496	3	0	4	0
X	24068570	2	0	0	0
X	24068772	6	0	13	0
X	24068807	14	0	17	0
X	24069107	0	0	0	7
X	24070835	10	0	2	0
X	24071905	0	0	0	1
X	24072130	0	3	0	0
X	24073857	0	0	2	0
X	24074587	1	0	0	0
X	24074616	1	0	0	0
X	24076926	0	26	0	60
X	24081480	1	0	1	0
X	24085358	0	1	0	0
X	24140218	0	3	0	0
X	24140234	3	0	0	0
X	24152496	0	0	1	0
X	24152519	1	0	0	0
X	24154798	0	3	0	6
X	24157340	0	0	0	1
X	24158685	0	0	1	0
X	24159323	0	1	0	0
X	24160450	0	4	2	0
X	24160472	0	2	0	4
X	24161862	0	6	11	0
X	24164832	0	0	2	3
X	24164880	0	2	0	2
X	24167568	0	2	0	0
X	24168872	35	0	5	0
X	24168904	29	0	5	0
X	24173404	0	0	0	4
X	24174733	0	2	0	0
X	24176663	0	24	0	15
X	24180602	0	0	0	1
X	24181096	0	3	0	0
X	24183200	0	0	0	1
X	24184010	0	2	0	1
X	24186222	0	0	2	0
X	24186679	1	0	0	0
X	24186995	1	0	0	0
X	24188056	0	0	0	1
X	24195502	2	0	1	0
X	24195594	1	0	3	0
X	24196902	0	0	1	2
X	24198695	0	2	0	3
X	24200235	0	0	1	0
X	24200760	2	0	0	0
X	24206686	0	0	0	1
X	24213978	0	41	0	19
X	24215372	0	0	1	0
X	24215792	16	0	0	5
X	24242671	0	0	2	0
X	24243468	0	1	0	0
X	24271905	0	1	0	0
X	24281173	0	0	1	0
X	24287892	0	0	0	1
X	24471063	0	0	2	0
X	24475573	0	2	0	0
X	24491240	0	0	1	0
X	24496913	0	6	0	0
X	24497142	2	0	5	0
X	24499094	5	0	2	0
X	24499785	0	0	13	0
X	24500166	0	0	0	4
X	24520789	1	0	0	0
X	24522562	0	2	0	0
X	24525007	1	0	0	0
X	24540054	1	0	0	0
X	24540144	0	4	0	0
X	24540633	2	0	20	0
X	24541034	0	361	0	0
X	24541154	788	0	2	0
X	24550436	10	0	0	0
X	24710791	0	4	0	1
X	24725313	1	0	1	0
X	24733410	0	0	1	0
X	24756171	2	0	1	0
X	24803852	0	0	12	0
X	24818050	0	0	3	22
X	25640572	0	0	0	3
X	26206912	0	0	0	1
X	26206914	0	0	0	1
X	26917111	0	12	2	0
X	26919142	0	0	0	1
X	26922094	6	0	0	0
X	27628752	0	1	0	0
X	27664031	0	1	0	0
X	27664419	0	2	0	0
X	29474834	1	0	0	0
X	29477041	0	8	0	5
X	29477322	5	0	0	0
X	29503750	1	0	0	0
X	29545739	1	0	3	0
X	29548416	0	0	1	0
X	29551113	3	0	0	0
X	29551668	2	0	0	0
X	29553969	0	6	0	0
X	29554964	6	0	0	0
X	29555438	0	3	2	0
X	30024021	1	0	0	0
X	30146261	0	0	0	1
X	30220471	0	0	1	0
X	30281214	0	0	1	0
X	30281230	0	1	0	0
X	30515659	0	1	0	2
X	30515836	0	0	4	0
X	30517091	0	3	0	1
X	30517429	0	0	2	1
X	30527940	0	3	0	0
X	30537130	1	0	2	0
X	30542853	0	1	0	0
X	30545576	0	0	1	0
X	30548033	13	0	7	0
X	30548160	0	1	0	0
X	30548163	0	0	1	0
X	30553591	1	0	0	0
X	30554612	0	4	8	0
X	30557812	19	0	0	8
X	30557823	0	20	0	9
X	30559068	0	63	10	0
X	30559107	0	11	0	62
X	30559729	4	7	0	0
X	31120472	0	0	0	1
X	31218564	0	0	1	0
X	31221975	0	0	5	0
X	31222068	0	8	0	0
X	31222309	2	0	2	0
X	31226543	0	0	0	2
X	31227472	0	0	0	1
X	31245786	0	1	0	0
X	31251338	0	2	0	0
X	31251485	0	0	1	0
X	31259895	6	0	1	0
X	32465804	0	1	0	0
X	33494249	0	0	0	1
X	33746607	2	0	0	0
X	34820437	0	0	14	0
X	36291489	1	0	0	0
X	38277830	0	1	0	2
X	38288914	0	0	0	1
X	38320757	0	0	1	0
X	38397426	0	0	1	0
X	38538614	1	0	0	0
X	38802863	0	1	0	0
X	38803851	0	1	0	0
X	38828633	1	0	0	0
X	38861118	0	1	0	0
X	39090146	1	0	0	0
X	39810015	0	0	0	1
X	39836898	0	1	0	0
X	39839967	0	0	0	1
X	39849311	0	0	7	2
X	39851237	0	0	2	0
X	40052806	0	4	0	0
X	40312936	0	0	1	0
X	40344053	0	0	0	3
X	40355690	0	0	1	0
X	40651521	7	0	33	0
X	40696475	0	0	2	0
X	40737518	4	0	0	0
X	40791371	0	1	0	0
X	41008935	0	1	0	0
X	41083599	0	3	0	0
X	41085048	0	1	0	0
X	41085162	0	2	0	0
X	41124368	0	0	0	1
X	41135291	0	0	0	1
X	41235635	3	0	0	0
X	41264767	0	1	0	1
X	41264834	0	0	2	0
X	41264850	1	0	1	0
X	41330258	1	0	0	0
X	41335570	0	0	1	0
X	41338289	6	1	0	0
X	41339203	0	0	0	1
X	41339462	0	0	0	1
X	41339955	0	2	4	0
X	41343020	1	0	1	0
X	41343866	0	0	2	0
X	41352783	0	1	0	0
X	41353068	14	0	3	0
X	41353459	0	1	4	0
X	41356844	1	0	0	0
X	41358187	0	0	0	1
X	41358371	0	0	0	1
X	41419292	0	4	0	0
X	41433049	0	10	0	0
X	41433089	0	0	6	0
X	41433676	0	0	3	0
X	41435923	1	0	0	0
X	41440028	1	0	0	0
X	41443362	3	0	0	0
X	41444092	0	1	0	0
X	41548855	0	1	0	0
X	41550824	0	1	0	0
X	41681684	0	6	0	0
X	41683135	0	1	0	0
X	41729399	0	8	0	0
X	41730577	0	0	0	4
X	41734793	0	2	0	0
X	41741250	1	0	0	0
X	41745708	0	0	2	0
X	41830307	0	0	0	2
X	41830591	0	0	0	2
X	41830602	0	0	0	2
X	41830603	0	0	2	0
X	41830605	2	0	0	0
X	41830611	0	0	0	2
X	41898104	0	0	5	0
X	42939144	1	0	0	0
X	44533248	0	0	2	0
X	44535334	0	0	1	0
X	44535463	0	5	0	0
X	44701663	0	0	1	0
X	44741819	0	0	5	0
X	44955021	0	2	2	0
X	44964013	0	0	1	0
X	45003519	0	5	5	0
X	45079318	1	0	2	0
X	45745347	0	0	7	0
X	45745361	0	7	0	0
X	45760710	0	0	1	0
X	45764305	0	19	0	1
X	45819884	0	0	0	1
X	46459079	1	0	14	0
X	46611676	0	1	0	0
X	46668984	1	0	0	0
X	46680160	2	0	0	0
X	46683065	0	1	0	2
X	46683161	0	1	0	6
X	46683343	0	0	7	0
X	46684590	0	0	1	0
X	46690236	1	0	0	0
X	46734965	0	16	0	1
X	46862477	0	0	2	0
X	46875640	0	0	1	0
X	46969844	0	0	1	0
X	47015807	0	0	0	1
X	47016046	0	2	0	0
X	47068881	1	0	0	0
X	47068902	0	1	0	0
X	47125751	0	0	0	5
X	47138916	0	0	0	2
X	47143409	2	0	8	0
X	47150068	0	43	0	1
X	47195322	0	2	0	0
X	47205787	2	0	2	0
X	47206931	0	3	0	6
X	47209027	9	0	1	0
X	47211556	0	0	0	2
X	47246708	1	0	0	0
X	47375057	0	1	0	0
X	47398694	0	0	0	1
X	47420455	0	2	0	0
X	47457572	0	0	0	7
X	47458787	0	0	4	1
X	47461659	0	46	0	6
X	47467712	0	0	0	1
X	47474729	0	0	2	0
X	47482486	0	6	0	1
X	47483521	1	0	0	0
X	47483855	0	3	0	2
X	47565659	4	0	1	0
X	47603910	0	0	0	5
X	47603912	0	0	0	5
X	48507714	0	0	0	1
X	48518998	1	0	0	0
X	48523786	0	0	5	1
X	48538777	0	0	1	0
X	48542705	0	1	0	1
X	48554228	0	0	0	2
X	48555564	0	1	0	0
X	48556521	0	1	0	18
X	48565511	0	0	0	2
X	48565589	0	1	0	0
X	48594592	2	0	0	0
X	48600891	0	0	2	0
X	48600951	0	0	0	2
X	48603382	0	0	3	0
X	48606025	0	1	0	0
X	48618899	1	0	0	0
X	48637839	0	0	0	1
X	48864966	0	0	0	32
X	48897654	0	0	0	2
X	48959311	0	0	1	1
X	48992439	1	0	0	0
X	48995890	0	0	0	2
X	49275492	0	1	0	0
X	49297980	0	0	0	1
X	51300744	1	0	0	0
X	51811552	1	0	0	0
X	53106298	0	0	0	1
X	53117611	0	0	0	1
X	53205068	0	0	2	0
X	53205302	2	0	5	0
X	53233121	1	0	0	0
X	53409873	2	0	0	0
X	53422619	6	0	12	0
X	53430674	0	0	0	3
X	53555488	0	0	5	0
X	53594091	0	2	0	0
X	53672828	0	1	0	2
X	53751592	0	0	0	1
X	53804374	0	0	1	0
X	54015305	0	0	7	0
X	54068799	0	0	0	1
X	54068804	0	1	0	0
X	54457631	2	0	0	0
X	54460575	0	0	0	1
X	54460613	0	0	0	1
X	54464519	0	0	0	1
X	54473343	0	1	0	0
X	54518373	1	0	0	0
X	54522918	0	0	0	1
X	54523703	0	0	1	0
X	54525994	0	0	0	1
X	54526157	0	2	0	0
X	54533175	0	31	0	3
X	54533230	33	0	2	0
X	54545375	0	0	0	1
X	54547145	0	1	0	3
X	54548754	6	0	2	0
X	54548887	0	2	0	4
X	54549674	0	10	0	1
X	54549793	2	0	15	0
X	54549916	47	0	3	0
X	54549973	46	0	3	0
X	54562367	57	0	2	0
X	54566003	0	135	0	3
X	54568230	1	0	0	0
X	54568722	0	0	2	0
X	54569818	5	0	0	0
X	54575718	1	0	0	0
X	54576670	0	0	0	2
X	54587821	0	3	0	1
X	54591870	0	0	1	0
X	54592644	0	1	0	3
X	54600432	20	0	0	0
X	54608639	0	0	1	0
X	54620187	0	0	0	1
X	54624693	1	0	1	0
X	54624736	0	0	0	1
X	54809928	0	0	3	0
X	54810072	0	0	5	0
X	54811644	0	0	0	5
X	54864461	0	0	1	0
X	55008850	0	1	0	17
X	55741125	0	0	2	0
X	55764839	0	1	0	0
X	55883928	0	0	0	1
X	55951478	0	1	0	0
X	55970305	1	0	0	0
X	56034817	2	0	0	0
X	56056848	1	0	0	0
X	56062006	0	2	0	1
X	56075334	1	0	0	0
X	56094753	0	0	0	10
X	56097633	0	0	11	0
X	56146619	0	0	14	0
X	56399328	0	0	1	0
X	56506925	1	0	0	0
X	56569201	3	0	0	0
X	56569467	0	0	0	1
X	56575911	1	0	0	0
X	56576159	0	0	0	1
X	56577358	0	0	0	1
X	56577707	0	1	0	2
X	56604554	0	0	1	0
X	56610024	1	0	0	0
X	56611845	0	1	0	0
X	56618756	1	0	0	0
X	56623025	1	0	0	0
X	56627445	2	0	0	0
X	56657236	1	0	0	0
X	56658522	0	0	0	1
X	56668711	1	0	0	0
X	56682166	0	0	1	0
X	56730318	0	7	114	0
X	56730342	0	100	0	7
X	56730492	0	5	0	2
X	56747110	0	1	0	1
X	56753369	5	0	1	0
X	56756762	0	0	0	25
X	56756848	0	14	0	0
X	56761728	2	1	0	0
X	56765278	0	0	0	10
X	56766433	1	0	0	0
X	56781011	0	0	13	94
X	56781150	26	0	0	0
X	56783761	1	0	0	0
X	56788790	0	0	0	1
X	56789034	0	0	1	0
X	56794258	0	0	2	0
X	56798715	0	0	2	0
X	56817338	179	0	2010	0
X	56818207	33	0	6	0
X	56818952	0	1	0	3
X	56820228	0	0	3	0
X	56820236	0	2	0	0
X	56823253	2	0	0	0
X	56826540	3	0	0	0
X	56832487	0	0	0	1
X	56897109	1	0	0	0
X	56915116	0	0	0	1
X	56941085	0	1	0	0
X	56941089	0	0	0	1
X	56956727	0	0	0	3
X	56956854	7	0	2	0
X	57076014	1	0	0	0
X	57078845	0	2	0	0
X	57078854	0	0	0	2
X	57094071	0	1	0	0
X	57107863	1	0	0	0
X	57117632	0	0	0	1
X	57121511	0	0	1	0
X	57122461	1	0	0	0
X	57129456	0	0	1	0
X	57143118	0	0	0	1
X	57149216	0	0	0	1
X	57179032	1	0	0	0
X	57181420	1	0	0	0
X	57181641	0	0	3	0
X	57181690	1	0	0	4
X	57182122	2	0	0	0
X	57189995	1	0	0	0
X	57210580	9	0	0	2
X	57212170	0	3	3	0
X	57214891	0	0	15	0
X	57220305	0	0	22	0
X	57242008	0	0	0	1
X	57244860	1	0	0	0
X	57249169	0	0	1	0
X	57250378	1	0	0	0
X	57253102	0	0	5	0
X	57253563	0	2	0	0
X	57263444	0	0	1	0
X	57288403	1	0	0	0
X	57288522	0	2	0	9
X	57311080	0	1	0	2
X	57340749	0	0	2	0
X	57384892	1	0	0	0
X	57385065	3	0	0	0
X	57415206	1	0	2	0
X	57442201	0	1	0	0
X	57442241	1	0	0	0
X	57448699	0	0	0	2
X	57452149	0	0	0	1
X	57454497	0	0	0	3
X	57457414	0	0	1	0
X	57459570	1	0	0	0
X	57459821	0	0	0	8
X	57463983	2	0	0	0
X	57464786	1	0	0	0
X	57483902	0	0	0	5
X	57489006	0	0	0	11
X	57493535	0	0	1	0
X	57493726	2	0	0	0
X	57640854	1	0	0	0
X	63008351	0	0	4	0
X	63039799	1	0	0	0
X	63110547	0	0	4	0
X	63258435	1	0	0	0
X	63258437	0	0	1	0
X	63258445	0	1	0	0
X	63395987	0	3	0	0
X	63412557	0	1	0	0
X	63417157	0	0	0	2
X	63431452	254	0	17	0
X	63476719	0	2	0	0
X	63509971	1	0	0	0
X	63864476	0	0	1	0
X	65154125	0	0	0	1
X	65710945	0	0	0	1
X	66016574	1	1	0	0
X	66079368	0	0	0	1
X	66176745	0	0	0	1
X	66595749	0	11	0	1
X	66595975	5	0	0	0
X	66597680	0	0	1	0
X	66599381	0	0	1	0
X	66620339	0	1	0	0
X	66736811	1	0	0	0
X	67325292	0	0	0	1
X	67325372	0	0	0	1
X	68497386	0	1	0	0
X	68585175	0	0	1	0
X	68600357	0	2	0	0
X	68725578	0	0	1	0
X	69695333	0	0	1	0
X	69970625	0	0	2	0
X	70136784	0	0	1	0
X	70137077	0	15	0	1
X	70137595	1	2	50	0
X	70142992	0	0	0	2
X	70146073	1	0	3	0
X	70149158	2	0	0	0
X	70151106	2	0	0	0
X	70151212	0	1	0	0
X	70152792	0	0	0	1
X	70154660	0	6	0	0
X	70155352	0	0	0	6
X	70156812	0	7	0	1
X	70158543	3	0	12	0
X	70158643	0	5	0	0
X	70165204	0	0	1	0
X	70237747	0	0	1	0
X	70284228	0	0	0	2
X	70288894	0	14	4	0
X	70312163	1	0	0	0
X	70317756	0	0	0	1
X	70319123	0	1	0	1
X	70326696	0	3	0	0
X	70337450	0	0	0	4
X	70352882	0	0	1	0
X	70357078	0	1	0	0
X	70359891	0	0	1	0
X	70359897	0	0	1	0
X	70376929	0	0	1	0
X	70379067	0	0	2	0
X	70382217	0	0	1	0
X	70397191	1	0	1	0
X	70411646	7	1	0	0
X	70417574	0	0	3	0
X	70419982	0	0	0	1
X	70420850	0	0	0	2
X	70438804	0	1	0	0
X	70457106	0	0	2	0
X	70979108	0	0	1	0
X	70979207	0	0	1	0
X	70979237	0	1	0	0
X	70981917	1	0	0	0
X	70993233	0	1	0	0
X	71020639	1	0	0	0
X	71020649	1	0	0	0
X	71026532	6	0	0	0
X	71043934	0	0	0	1
X	71048384	0	1	0	1
X	71048566	0	0	0	2
X	71048683	1	0	0	0
X	71056116	0	0	1	0
X	71059642	22	2	0	0
X	71062846	1	0	0	0
X	71087323	0	0	0	1
X	71094569	0	0	1	0
X	71104307	0	10	0	0
X	71114857	0	2	0	5
X	71118268	0	0	1	0
X	71120888	1	0	0	0
X	71150701	0	2	0	0
X	71186069	0	2	0	0
X	71187240	0	0	0	1
X	71187314	0	0	1	0
X	71190493	2	0	0	0
X	71190650	0	0	0	1
X	71191415	0	1	9	0
X	71191723	3	0	0	0
X	71192626	0	6	0	0
X	71192629	6	0	0	0
X	71193094	11	0	1	0
X	71193185	0	5	0	1
X	71194792	0	1	6	0
X	71195458	1	0	6	0
X	71206541	0	0	0	1
X	71375419	0	0	4	0
X	71463369	1	0	0	0
X	71484623	0	0	0	1
X	71534158	0	0	1	0
X	71627552	0	0	1	0
X	72088938	0	0	1	0
X	72105975	0	0	0	2
X	72160302	0	3	0	0
X	72186451	0	1	0	1
X	72188369	0	0	0	7
X	72190808	0	0	0	1
X	72193641	0	0	0	4
X	72194552	2	0	3	0
X	72198819	1	3	0	0
X	72204868	7	0	32	0
X	72229868	8	0	1	0
X	72231854	0	0	0	2
X	72232087	0	12	0	1
X	72234879	0	2	0	0
X	72239437	0	1	0	0
X	72239479	0	0	0	2
X	72241673	1	0	2	0
X	72263855	0	0	0	1
X	72560438	13	0	1	0
X	73011740	1	0	0	0
X	73648334	0	0	0	3
X	73661868	15	0	6	0
X	73723800	0	0	2	0
X	73817623	1	0	0	0
X	73822481	0	1	0	0
X	73822772	0	34	0	320
X	73823982	0	8	0	2
X	73825135	1	0	0	0
X	73826722	0	0	1	6
X	73845100	0	0	0	2
X	73847056	0	1	0	0
X	73851306	0	0	3	0
X	73891032	0	0	1	0
X	73944648	8	0	0	30
X	73945700	0	1	0	2
X	73946124	0	0	11	1
X	73947762	9	9	0	0
X	73948072	1	0	0	0
X	73948414	6	0	1	0
X	73949100	0	0	1	0
X	73955635	1	0	0	0
X	73958445	0	0	1	0
X	73960590	0	1	0	0
X	73976641	0	6	0	9
X	73978149	0	1	0	0
X	73979333	1	0	0	0
X	73983250	0	0	0	2
X	73983520	0	12	0	19
X	73989754	0	22	0	21
X	73989886	16	0	26	0
X	73990510	0	6	0	5
X	73995257	4	4	0	0
X	73997559	0	3	0	2
X	74000867	18	0	24	0
X	74002192	0	1	2	0
X	74003432	0	2	0	8
X	74004124	1	0	2	0
X	74004517	0	20	0	8
X	74005408	0	0	1	0
X	74007037	1	0	0	0
X	74009907	0	2	0	1
X	74011474	0	0	0	2
X	74011718	3	0	5	0
X	74013310	0	0	1	0
X	74035839	0	0	1	1
X	74038865	0	0	0	1
X	74044652	0	1	0	2
X	74076302	0	3	0	0
X	74102057	0	0	1	0
X	74122294	0	0	1	0
X	74126904	1	0	0	0
X	74132002	3	0	9	0
X	74167651	2	0	0	0
X	74169493	0	3	0	2
X	74176788	0	1	0	0
X	74184542	0	18	0	3
X	74196534	1	0	13	0
X	74201557	4	1	0	0
X	74211049	0	1	0	0
X	74214371	2	0	0	0
X	74217097	0	1	0	0
X	74222640	0	1	0	0
X	74222664	0	1	0	0
X	74225870	3	5	0	0
X	74236204	0	0	2	0
X	74238745	0	0	0	3
X	74240783	0	5	0	1
X	74243669	5	0	0	0
X	74243763	0	0	5	0
X	74252475	1	0	10	0
X	74255863	0	0	0	11
X	74256453	0	0	0	1
X	74260756	0	0	1	0
X	74261258	0	0	1	3
X	74266517	5	0	93	0
X	74268547	0	1	0	0
X	74270965	0	3	0	1
X	74272988	0	0	0	1
X	74273713	0	2	0	1
X	74274796	0	1	0	0
X	74274946	1	0	0	0
X	74275170	1	0	0	0
X	74275632	0	0	0	2
X	74277159	0	1	0	0
X	74278613	11	0	1	0
X	74278765	0	12	0	1
X	74280053	2	0	0	0
X	74280128	0	1	0	0
X	74281727	0	10	0	1
X	74290569	0	1	0	0
X	74291132	0	1	0	0
X	74292050	0	0	0	1
X	74780618	0	6	0	0
X	75047102	0	3	0	0
X	75153580	0	1	0	0
X	75329631	3	0	1	0
X	75360550	0	1	0	1
X	75383848	0	2	0	0
X	75388364	0	0	1	0
X	75388449	0	1	0	0
X	75425977	0	1	0	0
X	76146065	0	0	0	1
X	76174235	1	0	0	0
X	76174255	0	1	0	0
X	76174257	1	0	0	0
X	76175352	0	3	0	0
X	76186060	0	0	1	0
X	76192900	1	0	0	0
X	76194561	0	1	0	0
X	76273137	1	0	0	0
X	76334953	0	0	192	0
X	76460274	0	1	0	0
X	76584323	0	1	0	0
X	76898067	1	0	0	0
X	76898177	0	0	1	0
X	77205106	0	0	0	1
X	77205111	0	0	0	1
X	77513084	58	0	5	0
X	77538955	0	0	0	5
X	77538981	0	0	7	0
X	77562802	2	0	0	0
X	77565245	0	1	0	0
X	77582306	1	0	0	0
X	77604118	0	1	0	0
X	77670484	1	0	2	0
X	77681100	0	1	0	0
X	77682471	0	97	10	0
X	77733406	0	1	0	0
X	77738852	0	0	2	0
X	77741608	0	0	0	3
X	77763174	0	0	0	2
X	77765792	2	0	9	0
X	77821968	0	0	0	2
X	77829737	0	0	3	0
X	77843647	1	0	0	4
X	77851361	4	0	0	0
X	77889376	3	0	0	1
X	77946545	0	0	11	0
X	77996036	0	1	0	0
X	78005639	0	2	0	0
X	78012499	4	0	15	0
X	78012555	0	0	2	0
X	78041888	0	1	0	0
X	78048530	0	1	0	0
X	78104228	0	0	0	2
X	78127475	0	1	0	0
X	78186864	1	0	0	0
X	78251391	0	1	0	0
X	78251468	1	0	0	0
X	78265442	0	4	0	0
X	78289052	0	1	0	3
X	78305577	0	0	0	1
X	78758381	1	0	0	0
X	78956676	0	0	0	1
X	78957663	1	0	0	0
X	78966417	0	1	0	0
X	79154752	1	0	0	0
X	79158378	1	0	0	0
X	79159068	0	0	0	1
X	79160183	0	2	0	0
X	79164107	0	0	2	0
X	79166687	29	0	3	0
X	79168878	0	0	1	0
X	79171491	0	1	0	0
X	79177795	0	0	0	1
X	79195530	0	0	0	1
X	79195627	1	0	0	0
X	79195814	0	5	0	0
X	79201951	1	0	0	0
X	79217020	0	0	1	0
X	79218872	0	0	1	0
X	79218885	0	2	0	0
X	79223012	6	0	0	0
X	79223082	0	3	0	0
X	79223200	1	0	0	0
X	79256414	0	0	1	0
X	79259648	0	0	4	0
X	79289589	0	1	0	0
X	79292053	0	0	0	1
X	79292166	0	0	7	0
X	79292222	9	0	0	0
X	79293938	1	0	0	0
X	79296645	0	0	2	0
X	79302540	0	1	0	0
X	79307950	0	0	0	1
X	79311230	2	0	0	0
X	79323740	0	1	0	0
X	79325402	0	0	0	1
X	79398476	0	0	3	0
X	79400091	2	0	0	0
X	79402309	0	0	1	0
X	79402689	0	0	0	3
X	79402843	0	0	0	1
X	79411729	0	0	0	2
X	79412516	0	1	0	0
X	79414116	1	0	0	0
X	79455388	0	2	0	0
X	80247108	0	1	0	0
X	80667932	0	0	1	0
X	80669747	2	0	1	0
X	80679673	0	0	9	0
X	80701050	0	2	0	0
X	80706360	0	3	0	0
X	80708677	4	0	1	0
X	80725816	0	1	0	0
X	80730142	4	0	0	0
X	80734682	0	0	1	0
X	80744022	0	1	0	0
X	80748443	0	0	1	0
X	80749139	0	4	0	3
X	80752203	0	0	2	0
X	80752967	0	0	1	12
X	80753018	0	8	0	1
X	80753384	0	2	0	5
X	80773987	2	0	0	0
X	80777733	0	0	0	1
X	80783267	1	0	0	0
X	80789746	1	0	6	0
X	80789752	1	0	0	8
X	80792641	0	1	0	0
X	80796255	0	1	0	0
X	80809136	0	0	0	1
X	81095399	1	0	0	0
X	81118462	0	159	0	23
X	81248709	0	0	0	3
X	81262977	1	0	0	0
X	83636581	0	1	0	0
X	84121641	0	0	1	0
X	84134102	0	0	1	0
X	84307437	0	0	2	0
X	84307457	2	0	0	0
X	84405664	0	0	1	0
X	84437126	0	0	0	1
X	84448776	1	0	0	0
X	84480601	0	0	0	1
X	84483851	1	0	0	0
X	84486585	0	0	0	1
X	84489253	0	0	1	0
X	84489291	0	1	0	0
X	84490879	0	0	0	1
X	84491797	0	0	0	1
X	84492604	0	0	2	0
X	84502240	1	0	0	0
X	84840398	0	1	0	0
X	85006822	1	0	0	0
X	85007802	0	1	0	0
X	85021477	1	0	11	0
X	85044515	1	0	0	0
X	85050264	0	0	2	0
X	85070466	0	0	1	0
X	85070685	0	6	0	0
X	85073247	0	0	0	2
X	85083601	0	0	0	1
X	85095602	0	0	10	0
X	85277795	0	1	0	0
X	85278752	0	0	1	0
X	85283330	0	1	0	0
X	85290185	0	0	0	1
X	85290367	0	0	1	0
X	85290410	1	0	0	0
X	85313944	1	0	0	0
X	85314037	1	0	0	0
X	85315315	0	1	0	0
X	86446402	0	0	0	3
X	86446419	0	0	0	3
X	87049789	0	0	0	1
X	87109662	0	0	0	1
X	87109666	0	0	1	0
X	87134142	0	0	0	1
X	87183874	0	0	0	1
X	88300320	0	1	0	0
X	88458387	0	0	1	0
X	88477227	1	0	0	0
X	88515949	0	1	0	0
X	88978961	0	0	1	0
X	89159382	0	0	0	1
X	90052215	0	0	1	0
X	90052282	0	0	0	1
X	90576328	0	0	1	0
X	90576351	0	0	0	1
X	90585510	0	0	1	0
X	92676600	0	0	46	0
X	92676749	0	5	0	0
X	92688340	0	0	1	0
X	92688393	0	0	0	1
X	92717649	0	0	0	1
X	96056500	0	0	0	1
X	96599699	0	0	1	0
X	96678897	0	0	0	1
X	96684656	0	0	1	0
X	96695860	2	0	0	0
X	96695907	0	2	0	0
X	96697327	0	1	0	0
X	96718603	0	22	0	2
X	96723329	1	0	0	0
X	96724339	0	0	1	0
X	96724891	0	0	1	0
X	96726421	0	1	0	0
X	96733229	1	0	0	0
X	96741535	0	0	2	0
X	96742342	1	0	0	0
X	96748753	1	0	0	0
X	96749025	0	0	0	2
X	96750196	0	0	3	0
X	96754843	0	2	3	0
X	96757204	6	0	0	0
X	96765318	0	2	0	0
X	96787929	0	7	0	1
X	96788020	0	0	5	0
X	96794473	0	1	0	0
X	96803901	0	2	0	0
X	96806979	0	0	2	0
X	96808288	2	0	0	0
X	96819716	0	0	0	1
X	96836879	0	0	1	0
X	96885847	0	0	0	2
X	96888099	0	0	1	0
X	96895185	0	0	0	5
X	96897413	1	0	0	0
X	96901878	25	0	0	0
X	96950964	0	1	0	0
X	96952457	9	0	0	0
X	96952660	0	0	2	0
X	96974102	0	1	0	0
X	96980303	0	0	1	0
X	96995022	0	0	0	2
X	97001366	0	4	0	0
X	97001518	0	1	0	0
X	97008051	0	0	0	6
X	97043550	3	0	0	0
X	97046168	0	0	0	1
X	97062069	0	0	2	0
X	97062613	0	0	9	0
X	97090424	0	7	0	0
X	97093045	1	0	4	0
X	97093880	1	0	0	0
X	97110800	0	0	3	0
X	97142370	0	0	3	0
X	97146133	0	4	0	2
X	97148876	0	1	0	0
X	97149675	3	0	2	0
X	97153238	2	0	0	0
X	97217638	1	0	0	0
X	97516111	0	0	2	0
X	97585329	0	0	0	1
X	100854929	6	0	0	0
X	100854978	0	5	0	0
X	101002462	1	0	0	0
X	101003395	0	1	0	0
X	101003834	0	0	1	0
X	101007183	0	0	0	5
X	101010563	0	0	0	6
X	101016558	0	1	0	0
X	101019996	0	1	0	0
X	101026248	0	0	1	0
X	101026399	0	0	1	0
X	101027295	0	0	1	0
X	101029165	0	0	1	0
X	101042657	1	4	0	0
X	101043789	3	0	1	0
X	101044782	0	0	6	0
X	101050792	0	3	0	0
X	101050826	4	0	0	0
X	101145034	0	0	2	0
X	101168416	1	0	3	0
X	101168673	0	0	0	1
X	101224208	0	0	0	6
X	101320257	0	0	1	0
X	101320993	0	0	0	1
X	101349769	0	0	360	30
X	101373513	0	0	0	1
X	101380652	0	1	0	1
X	101392571	3	0	0	0
X	101478423	4	0	0	0
X	101553239	0	2	0	0
X	101626444	43	0	2	0
X	101628205	2	0	0	0
X	101628397	0	1	0	0
X	101631568	1	0	0	0
X	101636976	1	0	2	0
X	101637114	0	0	1	0
X	101640511	1	0	3	0
X	101682005	0	0	0	1
X	101882824	1	0	0	0
X	101931416	1	0	1	0
X	101952315	2	0	0	0
X	102692173	0	0	1	0
X	102694265	0	0	3	0
X	102773024	0	0	1	0
X	102785484	12	0	4	0
X	102798216	0	0	0	2
X	102891338	0	0	0	1
X	102953803	0	3	0	1
X	102963359	1	0	0	0
X	102964070	0	1	0	0
X	103430448	0	0	1	0
X	103430581	0	0	1	0
X	103433805	0	2	0	0
X	103434452	0	1	0	0
X	103454660	0	0	2	0
X	103454661	0	1	0	0
X	103482099	0	0	0	1
X	103585493	0	0	1	1
X	103796839	0	0	0	1
X	103935148	1	0	0	0
X	103944008	0	1	0	0
X	103949262	0	0	0	1
X	103955917	1	0	0	0
X	103956037	0	0	1	0
X	103956038	0	1	0	0
X	104115707	0	0	3	0
X	104130345	0	0	1	0
X	104169095	0	0	7	0
X	107052407	0	1	0	0
X	107065186	0	0	3	0
X	107123872	0	0	3	0
X	107660067	1	0	0	0
X	108092481	0	1	0	0
X	108110137	1	0	0	0
X	108149358	0	0	1	0
X	108153728	23	0	3	0
X	108154392	0	0	110	5
X	108371523	1	0	0	0
X	108583309	0	0	1	0
X	108650592	0	0	0	1
X	108809014	1	0	0	0
X	108815084	0	0	1	0
X	108839106	2	0	0	0
X	108839133	0	0	0	2
X	108868951	0	0	0	1
X	109114611	0	0	1	0
X	109116124	1	0	0	0
X	109243152	0	1	0	0
X	109243203	1	0	0	0
X	109258036	0	1	0	0
X	109261212	0	0	0	1
X	109269099	0	1	0	0
X	109623948	0	0	2	0
X	109640001	0	0	0	21
X	109643871	0	4	0	6
X	109643975	6	0	1	0
X	109644810	0	1	0	0
X	109644820	0	1	0	0
X	109700815	0	0	0	1
X	110133431	1	0	0	0
X	112839861	0	0	0	1
X	112957962	0	0	2	0
X	113014002	0	0	1	0
X	113278623	0	0	1	0
X	115623869	0	0	0	1
X	115929238	0	1	0	0
X	115933667	0	1	0	0
X	115933718	0	1	0	0
X	115933748	0	0	0	1
X	115934462	0	0	1	0
X	115935858	0	1	0	0
X	115938135	0	2	0	0
X	115968297	0	0	1	2
X	116427745	0	1	0	1
X	116796744	1	0	0	0
X	116796845	0	1	0	0
X	118110474	0	0	0	1
X	118452268	0	0	3	0
X	118500270	0	0	1	0
X	118500291	2	0	0	0
X	118500302	0	2	0	0
X	118500306	0	2	0	0
X	118500732	0	1	0	0
X	118505388	0	0	1	0
X	118516297	0	0	1	0
X	118524621	0	1	0	0
X	118531035	1	0	1	0
X	118531283	12	0	0	0
X	118539944	0	0	4	0
X	118540896	3	0	0	0
X	118569255	62	0	7	0
X	118594439	0	0	0	2
X	118600141	0	3	0	0
X	118617263	3	0	1	0
X	118636693	0	0	3	0
X	118645419	0	0	0	2
X	118653538	0	0	1	0
X	118671380	0	0	0	2
X	118697854	22	0	2	0
X	118697919	2	0	0	38
X	118698404	0	0	0	1
X	118996660	0	0	0	1
X	119383500	0	0	0	1
X	119404286	0	1	0	0
X	119404488	0	1	0	0
X	119424170	2	0	0	0
X	119425042	1	0	0	0
X	119425233	0	0	1	0
X	119430744	2	0	0	0
X	119432338	0	1	0	0
X	119432779	0	0	1	0
X	119434252	0	1	0	0
X	119434577	1	10	0	0
X	119434651	0	0	16	0
X	119434901	0	0	3	0
X	119444501	0	3	0	0
X	119444502	0	0	3	0
X	119444719	1	0	1	0
X	119444720	2	0	0	0
X	119445657	0	0	0	1
X	119445658	0	0	0	1
X	119447344	0	1	0	0
X	119449779	0	0	1	0
X	119452405	0	0	0	2
X	119453040	0	1	0	0
X	119453358	1	0	0	0
X	119453484	0	0	0	2
X	119454408	0	21	0	2
X	119466097	0	1	0	8
X	119466250	0	0	0	14
X	119467744	3	0	0	0
X	119469587	0	0	1	0
X	119543723	0	2	0	0
X	119584658	4	0	0	0
X	119616293	1	0	1	0
X	119626902	39	0	4	0
X	119670560	0	1	0	0
X	119733844	0	0	0	1
X	119759091	1	1	0	0
X	119759174	0	0	0	1
X	119759450	0	2	0	0
X	119769800	0	0	0	19
X	119769807	17	0	0	0
X	119769863	0	9	0	0
X	119777724	0	1	0	0
X	119777769	0	1	0	0
X	119788935	0	1	0	0
X	119791218	0	1	0	0
X	119791742	0	3	0	0
X	119792456	8	0	0	0
X	119795703	0	1	0	0
X	119795859	0	1	0	0
X	119799474	0	0	3	0
X	119813873	0	0	0	1
X	119819321	0	0	6	0
X	119822899	0	1	0	0
X	119823687	0	2	0	7
X	119829355	0	0	2	0
X	119829581	0	0	0	2
X	119838819	0	0	9	0
X	119842200	1	0	0	0
X	119843369	2	0	7	0
X	119844137	5	0	0	0
X	119851635	0	1	0	0
X	119871742	0	0	3	0
X	119878337	0	0	0	1
X	119881750	0	1	0	0
X	119883670	0	1	0	0
X	119926115	0	0	0	1
X	119926251	0	1	0	3
X	119926937	0	1	0	0
X	119927625	2	0	0	0
X	119934347	0	8	0	1
X	119936604	3	0	0	0
X	119937840	0	3	0	1
X	119941920	0	1	0	5
X	119942485	0	1	0	0
X	119943050	0	0	0	2
X	119944407	0	1	0	0
X	119964087	1	0	0	0
X	120231279	6	0	113	0
X	120231745	0	0	1	0
X	120258025	0	0	9	0
X	120442600	0	0	11	0
X	120516642	0	0	2	0
X	120528232	0	1	0	0
X	120530690	0	0	0	1
X	120570228	0	0	1	0
X	120590762	0	0	1	0
X	120594146	0	0	0	1
X	120598057	0	1	0	0
X	120599844	0	0	0	3
X	120609339	0	6	0	0
X	120617080	0	0	2	0
X	120628519	0	1	0	0
X	120860017	1	0	0	0
X	123592397	0	2	0	0
X	123601370	0	1	0	0
X	123607084	1	0	0	0
X	123607530	0	3	0	0
X	123628116	0	1	0	0
X	123631072	0	2	0	0
X	123638668	0	1	0	0
X	123659347	0	0	1	0
X	123672980	0	3	0	0
X	123674845	0	2	0	17
X	123678199	0	0	0	5
X	123678308	0	0	0	3
X	123683726	0	0	1	0
X	123692784	0	1	6	0
X	123707389	1	0	2	0
X	123711201	0	0	0	1
X	123711878	8	0	1	0
X	123716453	0	0	0	1
X	123731189	0	0	0	3
X	123732391	0	0	1	0
X	123793143	0	1	0	0
X	123801786	0	0	0	1
X	123811559	0	0	1	0
X	123811568	0	1	0	0
X	123819193	0	0	1	0
X	123819194	0	0	1	0
X	123819199	0	2	0	0
X	123819213	0	2	0	0
X	123819227	0	2	0	0
X	123838972	0	1	0	0
X	123858502	0	1	0	0
X	123858916	0	1	0	6
X	123858972	0	1	0	15
X	123859028	0	0	0	17
X	123860872	0	2	0	0
X	123861559	0	0	0	1
X	123862067	2	0	0	0
X	123862364	0	1	0	0
X	123862402	1	0	0	0
X	123862636	2	0	12	0
X	123864699	0	0	2	7
X	123865142	2	0	0	0
X	123866178	0	0	0	1
X	123867927	0	21	0	2
X	123869798	3	0	1	0
X	123870406	11	0	4	0
X	123875020	2	0	5	0
X	123875420	0	1	0	0
X	123879496	0	0	0	4
X	123880205	16	0	3	0
X	123880543	0	0	0	11
X	123883402	1	0	0	0
X	123883747	0	0	0	1
X	123887631	0	2	0	0
X	123887854	0	10	0	0
X	123887876	0	9	0	0
X	123888185	0	0	1	0
X	123890199	0	0	1	0
X	123893037	0	2	0	0
X	123893514	5	0	1	0
X	123893604	0	0	0	7
X	123893670	0	0	10	0
X	123897334	0	2	0	0
X	123897680	0	0	0	1
X	123903346	4	0	9	0
X	123904012	0	3	0	0
X	123904797	0	0	0	1
X	123907193	1	0	9	0
X	123908574	1	0	1	0
X	123910564	0	21	0	2
X	123910823	0	0	8	1
X	123911196	1	0	26	0
X	123911259	21	1	0	0
X	123911369	0	18	0	0
X	123911791	0	2	0	9
X	123912065	0	10	0	171
X	123913073	0	0	1	0
X	123913432	0	0	0	3
X	123913603	0	0	0	8
X	123914721	0	10	0	0
X	123914792	1	0	0	0
X	123947144	0	0	1	0
X	123960952	0	0	1	0
X	123972647	0	2	42	0
X	123973712	0	1	0	0
X	123978864	0	0	1	0
X	123987149	0	1	0	0
X	123995563	5	0	1	0
X	123995567	6	0	2	0
X	123997892	0	2	0	1
X	124000925	1	0	0	15
X	124003402	1	0	0	0
X	124003502	3	0	0	0
X	124006660	0	1	0	1
X	124020004	0	0	4	0
X	124020395	0	2	0	0
X	124022136	0	1	0	19
X	124029207	0	1	0	0
X	124029456	0	0	0	1
X	124040934	0	2	0	0
X	124089782	3	0	0	0
X	124093754	0	5	0	0
X	124097057	0	4	0	22
X	124103603	1	0	0	0
X	127266306	1	0	0	0
X	127307970	0	0	1	0
X	127519376	0	0	0	1
X	127802161	0	0	0	1
X	127851025	0	0	0	1
X	128080080	0	1	0	2
X	128080173	0	0	1	0
X	128738595	1	0	0	0
X	129408556	0	0	0	2
X	129547292	1	0	0	0
X	129571423	1	0	0	0
X	129597577	0	0	0	1
X	129600841	0	0	0	1
X	129764512	1	0	0	0
X	129791180	0	0	0	2
X	129918396	0	2	0	0
X	130356553	9	0	2	0
X	130367513	0	0	0	1
X	130414034	18	0	1	0
X	130415103	0	2	0	22
X	130432834	0	0	0	1
X	130432989	1	0	0	0
X	130681463	0	2	0	0
X	130735707	0	0	0	1
X	131663830	1	0	0	0
X	131669976	0	0	0	1
X	131696788	0	0	0	1
X	131699526	0	10	0	0
X	131710207	0	1	0	0
X	131711126	0	0	1	0
X	131713576	0	6	0	0
X	131713755	0	0	0	1
X	131722912	0	0	2	0
X	131730074	0	0	2	0
X	131745187	0	0	0	1
X	131747942	6	0	1	0
X	131748835	0	0	1	0
X	131759516	0	0	0	4
X	131759738	0	0	0	2
X	131759929	0	0	1	0
X	131765128	0	0	0	1
X	131771581	0	2	0	0
X	131772649	0	0	0	1
X	131774406	0	0	6	0
X	131783980	0	1	0	6
X	131789084	2	0	0	0
X	131792229	0	1	0	0
X	131794883	0	5	0	0
X	131808152	0	2	0	0
X	131817773	0	1	1	0
X	131829979	0	0	3	0
X	131831777	1	0	0	0
X	131835757	0	0	0	1
X	132033944	2	0	0	0
X	132034346	14	0	0	0
X	132034563	1	0	276	0
X	132217822	0	0	1	0
X	132224770	0	0	0	1
X	132235123	0	0	2	0
X	132243234	0	1	1	0
X	132254690	2	0	0	0
X	132262038	0	0	2	0
X	132262484	0	0	1	0
X	132263286	0	0	1	0
X	132265866	2	0	0	0
X	132269478	2	0	0	0
X	132302753	1	0	0	0
X	132312265	0	1	0	0
X	132319485	0	1	0	0
X	132324528	1	0	0	0
X	132344904	0	0	1	0
X	132384709	0	1	0	0
X	132394811	0	1	0	0
X	132471495	0	1	0	0
X	132478224	0	0	1	0
X	133389216	0	0	0	1
X	134426271	2	0	0	0
X	134436812	0	10	0	0
X	134499326	2	3	0	0
X	134504368	0	1	0	0
X	134506809	0	0	0	1
X	134508062	2	0	0	0
X	134516481	0	1	0	0
X	134523319	3	0	0	0
X	134547704	0	1	0	0
X	134606217	0	0	1	0
X	134696794	0	0	0	1
X	134831651	0	0	0	2
X	134850332	0	1	0	0
X	134854223	8	0	0	0
X	134903163	1	0	0	0
X	134905007	0	3	0	0
X	134905096	5	0	0	0
X	135053172	0	0	1	0
X	135053231	0	0	2	0
X	135261862	0	0	0	1
X	135281571	1	0	0	0
X	135286075	0	1	12	0
X	135286096	0	0	1	11
X	135286291	0	1	0	0
X	135287236	0	0	0	1
X	135293015	0	1	0	0
X	135293714	0	2	0	0
X	135313262	0	0	0	1
X	135339089	0	0	4	0
X	135339316	0	3	0	0
X	135444342	0	0	0	1
X	135444440	0	1	0	0
X	135541636	0	0	1	0
X	135554977	8	0	0	0
X	135942947	0	0	0	2
X	135964659	0	5	0	0
X	136004338	0	1	0	0
X	136438466	1	0	0	0
X	136593596	0	0	0	1
X	136718504	0	0	0	1
X	136742581	0	1	0	0
X	136808636	0	0	0	1
X	136837208	1	0	0	0
X	136852037	0	0	6	0
X	136863431	0	1	1	0
X	136881748	0	0	0	1
X	136922862	0	0	1	0
X	136949968	0	2	0	0
X	137935477	1	0	0	0
X	137935546	0	0	0	1
X	138461745	0	1	0	0
X	139367899	1	0	0	0
X	139409571	0	0	0	1
X	139443873	0	1	0	0
X	139458498	0	0	1	0
X	139467469	0	2	0	0
X	139578997	1	0	0	0
X	139718974	6	0	1	0
X	139726843	0	0	0	2
X	139764593	0	0	1	0
X	139799869	0	11	0	2
X	139807732	1	0	0	4
X	139834336	0	1	0	0
X	139848781	0	0	0	1
X	139853341	0	0	1	0
X	139866217	28	0	1	0
X	139866298	0	8	0	0
X	139869091	0	0	2	0
X	139870779	0	0	15	0
X	139874307	0	0	1	0
X	139883407	0	2	0	0
X	139895317	0	0	1	0
X	139896179	0	1	0	0
X	139899185	0	2	0	0
X	139899879	5	0	0	0
X	139900060	20	0	3	0
X	139915957	0	0	1	6
X	139917848	0	63	0	6
X	139917912	0	1	0	11
X	139922576	1	0	0	0
X	139922915	1	0	0	0
X	139928678	0	2	0	0
X	140103483	0	0	1	0
X	140742999	0	1	0	0
X	141176233	0	0	0	1
X	142344005	0	1	0	0
X	142344066	0	0	1	0
X	142942443	0	0	10	1
X	143563932	0	1	0	0
X	143877699	0	1	0	1
X	144524197	0	0	0	1
X	144524236	1	0	0	0
X	144524376	1	0	0	0
X	144524377	1	0	0	0
X	144524429	0	0	1	0
X	145847991	0	0	0	2
X	148971878	0	0	2	0
X	148971879	0	0	0	2
X	149255760	0	1	0	0
X	149262077	0	1	0	0
X	149267735	0	1	0	0
X	149479080	63	0	6	0
X	149479167	44	0	3	0
X	149479235	0	33	0	2
X	149479743	0	42	0	0
X	149479801	0	0	0	28
X	149481619	0	0	0	3
X	149484610	0	0	1	0
X	149484687	0	0	0	3
X	149484746	3	0	0	0
X	149489682	0	0	0	3
X	149499123	1	0	2	0
X	149527799	0	0	0	1
X	149528701	0	6	0	0
X	149603957	0	0	27	0
X	149830274	1	0	0	0
X	149935981	1	0	5	0
X	149937017	0	0	1	0
X	149986173	0	0	6	0
X	150613151	1	0	0	0
X	150615199	4	0	0	0
X	150790514	0	0	0	1
X	150849077	0	0	0	1
X	150866302	0	1	0	0
X	150979983	1	0	0	0
X	150993907	0	0	0	1
X	151223469	0	0	1	0
X	151289644	0	0	1	0
X	151289645	0	1	0	0
X	151438482	1	0	0	0
X	151676372	0	0	0	1
X	151676495	1	0	0	0
X	152076862	0	1	0	0
X	152087302	0	1	0	0
X	152740932	0	1	0	0
X	152827019	0	0	1	0
X	152827242	0	0	9	2
X	152856508	0	0	1	0
X	152947039	0	1	0	0
X	153060324	0	0	0	1
X	153411676	1	0	0	0
X	153456270	0	0	0	4
X	153459195	1	0	3	0
X	153462265	1	0	0	0
X	153462545	0	1	0	3
X	153463824	0	0	1	0
X	153463904	0	0	0	2
X	153464618	2	0	0	0
X	153593881	0	1	0	0
X	153599371	0	1	0	0
X	153599474	4	0	0	0
X	153599871	0	0	0	1
X	153744612	0	1	0	14
X	153744629	16	0	1	0
X	153910800	0	0	2	0
X	153919948	11	0	135	0
X	154053392	0	0	0	1
X	154412069	0	3	0	0
X	155111017	0	9	0	2
X	155292580	0	1	0	0
X	155417019	1	0	0	0
X	155522299	0	0	2	0
X	155554981	0	0	2	0
X	155652100	0	2	0	0
X	155839691	0	0	0	1
X	155881414	0	0	0	3
X	155898798	0	0	0	1
X	155898836	0	0	0	1
X	155908057	0	0	0	2
X	155930495	0	2	0	0
X	155941052	0	2	0	0
X	155944287	1	0	0	0
X	155999869	0	0	1	0
X	156023203	3	0	0	1
